Infinitive,English present,English simple past,English past participle,English present participle,First person,First person negative,First person perfect,First person perfect negative,Second person,Second person negative,Second person perfect,Second person perfect negative,Third person,Third person negative,Third person perfect,Third person perfect negative,First person plural,First person plural negative,First person plural perfect,First person plural perfect negative,Second person plural,Second person plural negative,Second person plural perfect,Second person plural perfect negative,Third person plural,Third person plural negative,Third person plural perfect,Third person plural perfect negative,Passive,Passive negative,Passive perfect,Passive perfect negative,First person past,First person past negative,First person pluperfect,First person pluperfect negative,Second person past,Second person past negative,Second person pluperfect,Second person pluperfect negative,Third person past,Third person past negative,Third person pluperfect,Third person pluperfect negative,First person past plural,First person past plural negative,First person pluperfect plural,First person pluperfect plural negative,Second person past plural,Second person past plural negative,Second person pluperfect plural,Second person pluperfect plural negative,Third person past plural,Third person past plural negative,Third person pluperfect plural,Third person pluperfect plural negative,Passive past,Passive past negative,Passive pluperfect,Passive pluperfect negative,First person conditional,First person conditional negative,First person conditional perfect,First person conditional perfect negative,Second person conditional,Second person conditional negative,Second person conditional perfect,Second person conditional perfect negative,Third person conditional,Third person conditional negative,Third person conditional perfect,Third person conditional perfect negative,First person conditional plural,First person conditional plural negative,First person conditional plural perfect,First person conditional plural perfect negative,Second person conditional plural,Second person conditional plural negative,Second person conditional plural perfect,Second person conditional plural perfect negative,Third person conditional plural,Third person conditional plural negative,Third person conditional plural perfect,Third person conditional plural perfect negative,Passive conditional,Passive conditional negative,Passive conditional perfect,Passive conditional perfect negative,Second person imperative,Second person imperative negative,Second person imperative perfect,Second person imperative perfect negative,Third person imperative,Third person imperative negative,Third person imperative perfect,Third person imperative perfect negative,First person imperative plural,First person imperative plural negative,First person imperative plural perfect,First person imperative plural perfect negative,Second person imperative plural,Second person imperative plural negative,Second person imperative plural perfect,Second person imperative plural perfect negative,Third person imperative plural,Third person imperative plural negative,Third person imperative plural perfect,Third person imperative plural perfect negative,Passive imperative,Passive imperative negative,Passive imperative perfect,Passive imperative perfect negative,First person potential,First person potential negative,First person potential perfect,First person potential perfect negative,Second person potential,Second person potential negative,Second person potential perfect,Second person potential perfect negative,Third person potential,Third person potential negative,Third person potential perfect,Third person potential perfect negative,First person potential plural,First person potential plural negative,First person potential plural perfect,First person potential plural perfect negative,Second person potential plural,Second person potential plural negative,Second person potential plural perfect,Second person potential plural perfect negative,Third person potential plural,Third person potential plural negative,Third person potential plural perfect,Third person potential plural perfect negative,Passive potential,Passive potential negative,Passive potential perfect,Passive potential perfect negative,1st infinitive,Present active participle,Present passive participle,"A infinitive, long form",Past active participle,Past passive participle,E infinitive inessive,E infinitive inessive passive,Agent participle,E infinitive instructive,Negative participle,MA infinitive inessive,MA infinitive elative,MA infinitive illative,MA infinitive adessive,MA infinitive abessive,MA infinitive instructive,MA infinitive instructive passive,MINEN infinitive nominative,MINEN infinitive partitive,5th infinitive,Last reviewed,Next review,Interval,Correct?,Times correct,Times incorrect
alkaa,begin,began,begun,beginning,alan,en ala,olen alkanut,en ole alkanut,alat,et ala,olet alkanut,et ole alkanut,alkaa,ei ala,on alkanut,ei ole alkanut,alamme,emme ala,olemme alkaneet,emme ole alkaneet,alatte,ette ala,olette alkaneet,ette ole alkaneet,alkavat,eivät ala,ovat alkaneet,eivät ole alkaneet,aletaan,ei aleta,on alettu,ei ole alettu,aloin,en alkanut,olin alkanut,en ollut alkanut,aloit,et alkanut,olit alkanut,et ollut alkanut,alkoi,ei alkanut,oli alkanut,ei ollut alkanut,aloimme,emme alkaneet,olimme alkaneet,emme olleet alkaneet,aloitte,ette alkaneet,olitte alkaneet,ette olleet alkaneet,alkoivat,eivät alkaneet,olivat alkaneet,eivät olleet alkaneet,alettiin,ei alettu,oli alettu,ei ollut alettu,alkaisin,en alkaisi,olisin alkanut,en olisi alkanut,alkaisit,et alkaisi,olisit alkanut,et olisi alkanut,alkaisi,ei alkaisi,olisi alkanut,ei olisi alkanut,alkaisimme,emme alkaisi,olisimme alkaneet,emme olisi alkaneet,alkaisitte,ette alkaisi,olisitte alkaneet,ette olisi alkaneet,alkaisivat,eivät alkaisi,olisivat alkaneet,eivät olisi alkaneet,alettaisiin,ei alettaisi,olisi alettu,ei olisi alettu,ala,älä ala,ole alkanut,älä ole alkanut,alkakoon,älköön alkako,olkoon alkanut,älköön olko alkanut,alkakaamme,älkäämme alkako,olkaamme alkaneet,älkäämme olko alkaneet,alkakaa,älkää alkako,olkaa alkaneet,älkää olko alkaneet,alkakoot,älkööt alkako,olkoot alkaneet,älkööt olko alkaneet,alettakoon,älköön alettako,olkoon alettu,älköön olko alettu,alkanen,en alkane,lienen alkanut,en liene alkanut,alkanet,et alkane,lienet alkanut,et liene alkanut,alkanee,ei alkane,lienee alkanut,ei liene alkanut,alkanemme,emme alkane,lienemme alkaneet,emme liene alkaneet,alkanette,ette alkane,lienette alkaneet,ette liene alkaneet,alkanevat,eivät alkane,lienevät alkaneet,eivät liene alkaneet,alettaneen,ei alettane,lienee alettu,ei liene alettu,alkaa,alkava,alettava,alkaakseen,alkanut,alettu,alkaessa,alettaessa,alkama,alkaen,alkamaton,alkamassa,alkamasta,alkamaan,alkamalla,alkamatta,alkaman,alettaman,alkaminen,alkamista,alkamaisillaan,2019-02-26 14:24:14.186137,2019-02-28 13:26:38.188565,1 days 23:02:24,True,2,0
antaa,give,gave,given,giving,annan,en anna,olen antanut,en ole antanut,annat,et anna,olet antanut,et ole antanut,antaa,ei anna,on antanut,ei ole antanut,annamme,emme anna,olemme antaneet,emme ole antaneet,annatte,ette anna,olette antaneet,ette ole antaneet,antavat,eivät anna,ovat antaneet,eivät ole antaneet,annetaan,ei anneta,on annettu,ei ole annettu,annoin,en antanut,olin antanut,en ollut antanut,annoit,et antanut,olit antanut,et ollut antanut,antoi,ei antanut,oli antanut,ei ollut antanut,annoimme,emme antaneet,olimme antaneet,emme olleet antaneet,annoitte,ette antaneet,olitte antaneet,ette olleet antaneet,antoivat,eivät antaneet,olivat antaneet,eivät olleet antaneet,annettiin,ei annettu,oli annettu,ei ollut annettu,antaisin,en antaisi,olisin antanut,en olisi antanut,antaisit,et antaisi,olisit antanut,et olisi antanut,antaisi,ei antaisi,olisi antanut,ei olisi antanut,antaisimme,emme antaisi,olisimme antaneet,emme olisi antaneet,antaisitte,ette antaisi,olisitte antaneet,ette olisi antaneet,antaisivat,eivät antaisi,olisivat antaneet,eivät olisi antaneet,annettaisiin,ei annettaisi,olisi annettu,ei olisi annettu,anna,älä anna,ole antanut,älä ole antanut,antakoon,älköön antako,olkoon antanut,älköön olko antanut,antakaamme,älkäämme antako,olkaamme antaneet,älkäämme olko antaneet,antakaa,älkää antako,olkaa antaneet,älkää olko antaneet,antakoot,älkööt antako,olkoot antaneet,älkööt olko antaneet,annettakoon,älköön annettako,olkoon annettu,älköön olko annettu,antanen,en antane,lienen antanut,en liene antanut,antanet,et antane,lienet antanut,et liene antanut,antanee,ei antane,lienee antanut,ei liene antanut,antanemme,emme antane,lienemme antaneet,emme liene antaneet,antanette,ette antane,lienette antaneet,ette liene antaneet,antanevat,eivät antane,lienevät antaneet,eivät liene antaneet,annettaneen,ei annettane,lienee annettu,ei liene annettu,antaa,antava,annettava,antaakseen,antanut,annettu,antaessa,annettaessa,antama,antaen,antamaton,antamassa,antamasta,antamaan,antamalla,antamatta,antaman,annettaman,antaminen,antamista,antamaisillaan,2019-02-24 15:58:27.521101,2019-03-03 18:04:27.523218,7 days 02:06:00,True,5,0
asua,reside,resided,resided,residing,asun,en asu,olen asunut,en ole asunut,asut,et asu,olet asunut,et ole asunut,asuu,ei asu,on asunut,ei ole asunut,asumme,emme asu,olemme asuneet,emme ole asuneet,asutte,ette asu,olette asuneet,ette ole asuneet,asuvat,eivät asu,ovat asuneet,eivät ole asuneet,asutaan,ei asuta,on asuttu,ei ole asuttu,asuin,en asunut,olin asunut,en ollut asunut,asuit,et asunut,olit asunut,et ollut asunut,asui,ei asunut,oli asunut,ei ollut asunut,asuimme,emme asuneet,olimme asuneet,emme olleet asuneet,asuitte,ette asuneet,olitte asuneet,ette olleet asuneet,asuivat,eivät asuneet,olivat asuneet,eivät olleet asuneet,asuttiin,ei asuttu,oli asuttu,ei ollut asuttu,asuisin,en asuisi,olisin asunut,en olisi asunut,asuisit,et asuisi,olisit asunut,et olisi asunut,asuisi,ei asuisi,olisi asunut,ei olisi asunut,asuisimme,emme asuisi,olisimme asuneet,emme olisi asuneet,asuisitte,ette asuisi,olisitte asuneet,ette olisi asuneet,asuisivat,eivät asuisi,olisivat asuneet,eivät olisi asuneet,asuttaisiin,ei asuttaisi,olisi asuttu,ei olisi asuttu,asu,älä asu,ole asunut,älä ole asunut,asukoon,älköön asuko,olkoon asunut,älköön olko asunut,asukaamme,älkäämme asuko,olkaamme asuneet,älkäämme olko asuneet,asukaa,älkää asuko,olkaa asuneet,älkää olko asuneet,asukoot,älkööt asuko,olkoot asuneet,älkööt olko asuneet,asuttakoon,älköön asuttako,olkoon asuttu,älköön olko asuttu,asunen,en asune,lienen asunut,en liene asunut,asunet,et asune,lienet asunut,et liene asunut,asunee,ei asune,lienee asunut,ei liene asunut,asunemme,emme asune,lienemme asuneet,emme liene asuneet,asunette,ette asune,lienette asuneet,ette liene asuneet,asunevat,eivät asune,lienevät asuneet,eivät liene asuneet,asuttaneen,ei asuttane,lienee asuttu,ei liene asuttu,asua,asuva,asuttava,asuakseen,asunut,asuttu,asuessa,asuttaessa,asuma,asuen,asumaton,asumassa,asumasta,asumaan,asumalla,asumatta,asuman,asuttaman,asuminen,asumista,asumaisillaan,2019-02-25 16:15:31.992878,2019-02-27 01:51:31.995458,1 days 09:36:00,True,1,0
auttaa,help,helped,helped,helping,autan,en auta,olen auttanut,en ole auttanut,autat,et auta,olet auttanut,et ole auttanut,auttaa,ei auta,on auttanut,ei ole auttanut,autamme,emme auta,olemme auttaneet,emme ole auttaneet,autatte,ette auta,olette auttaneet,ette ole auttaneet,auttavat,eivät auta,ovat auttaneet,eivät ole auttaneet,autetaan,ei auteta,on autettu,ei ole autettu,autoin,en auttanut,olin auttanut,en ollut auttanut,autoit,et auttanut,olit auttanut,et ollut auttanut,auttoi,ei auttanut,oli auttanut,ei ollut auttanut,autoimme,emme auttaneet,olimme auttaneet,emme olleet auttaneet,autoitte,ette auttaneet,olitte auttaneet,ette olleet auttaneet,auttoivat,eivät auttaneet,olivat auttaneet,eivät olleet auttaneet,autettiin,ei autettu,oli autettu,ei ollut autettu,auttaisin,en auttaisi,olisin auttanut,en olisi auttanut,auttaisit,et auttaisi,olisit auttanut,et olisi auttanut,auttaisi,ei auttaisi,olisi auttanut,ei olisi auttanut,auttaisimme,emme auttaisi,olisimme auttaneet,emme olisi auttaneet,auttaisitte,ette auttaisi,olisitte auttaneet,ette olisi auttaneet,auttaisivat,eivät auttaisi,olisivat auttaneet,eivät olisi auttaneet,autettaisiin,ei autettaisi,olisi autettu,ei olisi autettu,auta,älä auta,ole auttanut,älä ole auttanut,auttakoon,älköön auttako,olkoon auttanut,älköön olko auttanut,auttakaamme,älkäämme auttako,olkaamme auttaneet,älkäämme olko auttaneet,auttakaa,älkää auttako,olkaa auttaneet,älkää olko auttaneet,auttakoot,älkööt auttako,olkoot auttaneet,älkööt olko auttaneet,autettakoon,älköön autettako,olkoon autettu,älköön olko autettu,auttanen,en auttane,lienen auttanut,en liene auttanut,auttanet,et auttane,lienet auttanut,et liene auttanut,auttanee,ei auttane,lienee auttanut,ei liene auttanut,auttanemme,emme auttane,lienemme auttaneet,emme liene auttaneet,auttanette,ette auttane,lienette auttaneet,ette liene auttaneet,auttanevat,eivät auttane,lienevät auttaneet,eivät liene auttaneet,autettaneen,ei autettane,lienee autettu,ei liene autettu,auttaa,auttava,autettava,auttaakseen,auttanut,autettu,auttaessa,autettaessa,auttama,auttaen,auttamaton,auttamassa,auttamasta,auttamaan,auttamalla,auttamatta,auttaman,autettaman,auttaminen,auttamista,auttamaisillaan,2019-02-26 14:37:53.004763,2019-02-26 01:32:35.045281,1 days 00:00:00,False,1,1
elää,live,lived,lived,living,elän,en elä,olen elänyt,en ole elänyt,elät,et elä,olet elänyt,et ole elänyt,elää,ei elä,on elänyt,ei ole elänyt,elämme,emme elä,olemme eläneet,emme ole eläneet,elätte,ette elä,olette eläneet,ette ole eläneet,elävät,eivät elä,ovat eläneet,eivät ole eläneet,eletään,ei eletä,on eletty,ei ole eletty,elin,en elänyt,olin elänyt,en ollut elänyt,elit,et elänyt,olit elänyt,et ollut elänyt,eli,ei elänyt,oli elänyt,ei ollut elänyt,elimme,emme eläneet,olimme eläneet,emme olleet eläneet,elitte,ette eläneet,olitte eläneet,ette olleet eläneet,elivät,eivät eläneet,olivat eläneet,eivät olleet eläneet,elettiin,ei eletty,oli eletty,ei ollut eletty,eläisin,en eläisi,olisin elänyt,en olisi elänyt,eläisit,et eläisi,olisit elänyt,et olisi elänyt,eläisi,ei eläisi,olisi elänyt,ei olisi elänyt,eläisimme,emme eläisi,olisimme eläneet,emme olisi eläneet,eläisitte,ette eläisi,olisitte eläneet,ette olisi eläneet,eläisivät,eivät eläisi,olisivat eläneet,eivät olisi eläneet,elettäisiin,ei elettäisi,olisi eletty,ei olisi eletty,elä,älä elä,ole elänyt,älä ole elänyt,eläköön,älköön eläkö,olkoon elänyt,älköön olko elänyt,eläkäämme,älkäämme eläkö,olkaamme eläneet,älkäämme olko eläneet,eläkää,älkää eläkö,olkaa eläneet,älkää olko eläneet,eläkööt,älkööt eläkö,olkoot eläneet,älkööt olko eläneet,elettäköön,älköön elettäkö,olkoon eletty,älköön olko eletty,elänen,en eläne,lienen elänyt,en liene elänyt,elänet,et eläne,lienet elänyt,et liene elänyt,elänee,ei eläne,lienee elänyt,ei liene elänyt,elänemme,emme eläne,lienemme eläneet,emme liene eläneet,elänette,ette eläne,lienette eläneet,ette liene eläneet,elänevät,eivät eläne,lienevät eläneet,eivät liene eläneet,elettäneen,ei elettäne,lienee eletty,ei liene eletty,elää,elävä,elettävä,elääkseen,elänyt,eletty,eläessä,elettäessä,elämä,eläen,elämätön,elämässä,elämästä,elämään,elämällä,elämättä,elämän,elettämän,eläminen,elämistä,elämäisillään,2019-02-25 16:17:25.648388,2019-02-27 01:53:25.651540,1 days 09:36:00,True,1,0
esittää,show,showed,shown,showing,esitän,en esitä,olen esittänyt,en ole esittänyt,esität,et esitä,olet esittänyt,et ole esittänyt,esittää,ei esitä,on esittänyt,ei ole esittänyt,esitämme,emme esitä,olemme esittäneet,emme ole esittäneet,esitätte,ette esitä,olette esittäneet,ette ole esittäneet,esittävät,eivät esitä,ovat esittäneet,eivät ole esittäneet,esitetään,ei esitetä,on esitetty,ei ole esitetty,esitin,en esittänyt,olin esittänyt,en ollut esittänyt,esitit,et esittänyt,olit esittänyt,et ollut esittänyt,esitti,ei esittänyt,oli esittänyt,ei ollut esittänyt,esitimme,emme esittäneet,olimme esittäneet,emme olleet esittäneet,esititte,ette esittäneet,olitte esittäneet,ette olleet esittäneet,esittivät,eivät esittäneet,olivat esittäneet,eivät olleet esittäneet,esitettiin,ei esitetty,oli esitetty,ei ollut esitetty,esittäisin,en esittäisi,olisin esittänyt,en olisi esittänyt,esittäisit,et esittäisi,olisit esittänyt,et olisi esittänyt,esittäisi,ei esittäisi,olisi esittänyt,ei olisi esittänyt,esittäisimme,emme esittäisi,olisimme esittäneet,emme olisi esittäneet,esittäisitte,ette esittäisi,olisitte esittäneet,ette olisi esittäneet,esittäisivät,eivät esittäisi,olisivat esittäneet,eivät olisi esittäneet,esitettäisiin,ei esitettäisi,olisi esitetty,ei olisi esitetty,esitä,älä esitä,ole esittänyt,älä ole esittänyt,esittäköön,älköön esittäkö,olkoon esittänyt,älköön olko esittänyt,esittäkäämme,älkäämme esittäkö,olkaamme esittäneet,älkäämme olko esittäneet,esittäkää,älkää esittäkö,olkaa esittäneet,älkää olko esittäneet,esittäkööt,älkööt esittäkö,olkoot esittäneet,älkööt olko esittäneet,esitettäköön,älköön esitettäkö,olkoon esitetty,älköön olko esitetty,esittänen,en esittäne,lienen esittänyt,en liene esittänyt,esittänet,et esittäne,lienet esittänyt,et liene esittänyt,esittänee,ei esittäne,lienee esittänyt,ei liene esittänyt,esittänemme,emme esittäne,lienemme esittäneet,emme liene esittäneet,esittänette,ette esittäne,lienette esittäneet,ette liene esittäneet,esittänevät,eivät esittäne,lienevät esittäneet,eivät liene esittäneet,esitettäneen,ei esitettäne,lienee esitetty,ei liene esitetty,esittää,esittävä,esitettävä,esittääkseen,esittänyt,esitetty,esittäessä,esitettäessä,esittämä,esittäen,esittämätön,esittämässä,esittämästä,esittämään,esittämällä,esittämättä,esittämän,esitettämän,esittäminen,esittämistä,esittämäisillään,2019-02-26 14:28:02.556812,2019-03-02 17:15:04.959321,4 days 02:47:02.399998,True,4,0
haluta,want,wanted,wanted,wanting,haluan,en halua,olen halunnut,en ole halunnut,haluat,et halua,olet halunnut,et ole halunnut,haluaa,ei halua,on halunnut,ei ole halunnut,haluamme,emme halua,olemme halunneet,emme ole halunneet,haluatte,ette halua,olette halunneet,ette ole halunneet,haluavat,eivät halua,ovat halunneet,eivät ole halunneet,halutaan,ei haluta,on haluttu,ei ole haluttu,halusin,en halunnut,olin halunnut,en ollut halunnut,halusit,et halunnut,olit halunnut,et ollut halunnut,halusi,ei halunnut,oli halunnut,ei ollut halunnut,halusimme,emme halunneet,olimme halunneet,emme olleet halunneet,halusitte,ette halunneet,olitte halunneet,ette olleet halunneet,halusivat,eivät halunneet,olivat halunneet,eivät olleet halunneet,haluttiin,ei haluttu,oli haluttu,ei ollut haluttu,haluaisin,en haluaisi,olisin halunnut,en olisi halunnut,haluaisit,et haluaisi,olisit halunnut,et olisi halunnut,haluaisi,ei haluaisi,olisi halunnut,ei olisi halunnut,haluaisimme,emme haluaisi,olisimme halunneet,emme olisi halunneet,haluaisitte,ette haluaisi,olisitte halunneet,ette olisi halunneet,haluaisivat,eivät haluaisi,olisivat halunneet,eivät olisi halunneet,haluttaisiin,ei haluttaisi,olisi haluttu,ei olisi haluttu,halua,älä halua,ole halunnut,älä ole halunnut,halutkoon,älköön halutko,olkoon halunnut,älköön olko halunnut,halutkaamme,älkäämme halutko,olkaamme halunneet,älkäämme olko halunneet,halutkaa,älkää halutko,olkaa halunneet,älkää olko halunneet,halutkoot,älkööt halutko,olkoot halunneet,älkööt olko halunneet,haluttakoon,älköön haluttako,olkoon haluttu,älköön olko haluttu,halunnen,en halunne,lienen halunnut,en liene halunnut,halunnet,et halunne,lienet halunnut,et liene halunnut,halunnee,ei halunne,lienee halunnut,ei liene halunnut,halunnemme,emme halunne,lienemme halunneet,emme liene halunneet,halunnette,ette halunne,lienette halunneet,ette liene halunneet,halunnevat,eivät halunne,lienevät halunneet,eivät liene halunneet,haluttaneen,ei haluttane,lienee haluttu,ei liene haluttu,haluta,haluava,haluttava,halutakseen,halunnut,haluttu,halutessa,haluttaessa,haluama,haluten,haluamaton,haluamassa,haluamasta,haluamaan,haluamalla,haluamatta,haluaman,haluttaman,haluaminen,haluamista,haluamaisillaan,2019-02-25 13:21:32.646554,2019-02-28 07:12:54.248673,2 days 17:51:21.600000,True,3,0
juoda,drink,drank,drunk,drinking,juon,en juo,olen juonut,en ole juonut,juot,et juo,olet juonut,et ole juonut,juo,ei juo,on juonut,ei ole juonut,juomme,emme juo,olemme juoneet,emme ole juoneet,juotte,ette juo,olette juoneet,ette ole juoneet,juovat,eivät juo,ovat juoneet,eivät ole juoneet,juodaan,ei juoda,on juotu,ei ole juotu,join,en juonut,olin juonut,en ollut juonut,joit,et juonut,olit juonut,et ollut juonut,joi,ei juonut,oli juonut,ei ollut juonut,joimme,emme juoneet,olimme juoneet,emme olleet juoneet,joitte,ette juoneet,olitte juoneet,ette olleet juoneet,joivat,eivät juoneet,olivat juoneet,eivät olleet juoneet,juotiin,ei juotu,oli juotu,ei ollut juotu,joisin,en joisi,olisin juonut,en olisi juonut,joisit,et joisi,olisit juonut,et olisi juonut,joisi,ei joisi,olisi juonut,ei olisi juonut,joisimme,emme joisi,olisimme juoneet,emme olisi juoneet,joisitte,ette joisi,olisitte juoneet,ette olisi juoneet,joisivat,eivät joisi,olisivat juoneet,eivät olisi juoneet,juotaisiin,ei juotaisi,olisi juotu,ei olisi juotu,juo,älä juo,ole juonut,älä ole juonut,juokoon,älköön juoko,olkoon juonut,älköön olko juonut,juokaamme,älkäämme juoko,olkaamme juoneet,älkäämme olko juoneet,juokaa,älkää juoko,olkaa juoneet,älkää olko juoneet,juokoot,älkööt juoko,olkoot juoneet,älkööt olko juoneet,juotakoon,älköön juotako,olkoon juotu,älköön olko juotu,juonen,en juone,lienen juonut,en liene juonut,juonet,et juone,lienet juonut,et liene juonut,juonee,ei juone,lienee juonut,ei liene juonut,juonemme,emme juone,lienemme juoneet,emme liene juoneet,juonette,ette juone,lienette juoneet,ette liene juoneet,juonevat,eivät juone,lienevät juoneet,eivät liene juoneet,juotaneen,ei juotane,lienee juotu,ei liene juotu,juoda,juova,juotava,juodakseen,juonut,juotu,juodessa,juotaessa,juoma,juoden,juomaton,juomassa,juomasta,juomaan,juomalla,juomatta,juoman,juotaman,juominen,juomista,juomaisillaan,2019-02-25 13:19:26.705450,2019-02-27 12:21:50.708358,1 days 23:02:24,True,2,0
kirjoittaa,write,wrote,written,writing,kirjoitan,en kirjoita,olen kirjoittanut,en ole kirjoittanut,kirjoitat,et kirjoita,olet kirjoittanut,et ole kirjoittanut,kirjoittaa,ei kirjoita,on kirjoittanut,ei ole kirjoittanut,kirjoitamme,emme kirjoita,olemme kirjoittaneet,emme ole kirjoittaneet,kirjoitatte,ette kirjoita,olette kirjoittaneet,ette ole kirjoittaneet,kirjoittavat,eivät kirjoita,ovat kirjoittaneet,eivät ole kirjoittaneet,kirjoitetaan,ei kirjoiteta,on kirjoitettu,ei ole kirjoitettu,kirjoitin,en kirjoittanut,olin kirjoittanut,en ollut kirjoittanut,kirjoitit,et kirjoittanut,olit kirjoittanut,et ollut kirjoittanut,kirjoitti,ei kirjoittanut,oli kirjoittanut,ei ollut kirjoittanut,kirjoitimme,emme kirjoittaneet,olimme kirjoittaneet,emme olleet kirjoittaneet,kirjoititte,ette kirjoittaneet,olitte kirjoittaneet,ette olleet kirjoittaneet,kirjoittivat,eivät kirjoittaneet,olivat kirjoittaneet,eivät olleet kirjoittaneet,kirjoitettiin,ei kirjoitettu,oli kirjoitettu,ei ollut kirjoitettu,kirjoittaisin,en kirjoittaisi,olisin kirjoittanut,en olisi kirjoittanut,kirjoittaisit,et kirjoittaisi,olisit kirjoittanut,et olisi kirjoittanut,kirjoittaisi,ei kirjoittaisi,olisi kirjoittanut,ei olisi kirjoittanut,kirjoittaisimme,emme kirjoittaisi,olisimme kirjoittaneet,emme olisi kirjoittaneet,kirjoittaisitte,ette kirjoittaisi,olisitte kirjoittaneet,ette olisi kirjoittaneet,kirjoittaisivat,eivät kirjoittaisi,olisivat kirjoittaneet,eivät olisi kirjoittaneet,kirjoitettaisiin,ei kirjoitettaisi,olisi kirjoitettu,ei olisi kirjoitettu,kirjoita,älä kirjoita,ole kirjoittanut,älä ole kirjoittanut,kirjoittakoon,älköön kirjoittako,olkoon kirjoittanut,älköön olko kirjoittanut,kirjoittakaamme,älkäämme kirjoittako,olkaamme kirjoittaneet,älkäämme olko kirjoittaneet,kirjoittakaa,älkää kirjoittako,olkaa kirjoittaneet,älkää olko kirjoittaneet,kirjoittakoot,älkööt kirjoittako,olkoot kirjoittaneet,älkööt olko kirjoittaneet,kirjoitettakoon,älköön kirjoitettako,olkoon kirjoitettu,älköön olko kirjoitettu,kirjoittanen,en kirjoittane,lienen kirjoittanut,en liene kirjoittanut,kirjoittanet,et kirjoittane,lienet kirjoittanut,et liene kirjoittanut,kirjoittanee,ei kirjoittane,lienee kirjoittanut,ei liene kirjoittanut,kirjoittanemme,emme kirjoittane,lienemme kirjoittaneet,emme liene kirjoittaneet,kirjoittanette,ette kirjoittane,lienette kirjoittaneet,ette liene kirjoittaneet,kirjoittanevat,eivät kirjoittane,lienevät kirjoittaneet,eivät liene kirjoittaneet,kirjoitettaneen,ei kirjoitettane,lienee kirjoitettu,ei liene kirjoitettu,kirjoittaa,kirjoittava,kirjoitettava,kirjoittaakseen,kirjoittanut,kirjoitettu,kirjoittaessa,kirjoitettaessa,kirjoittama,kirjoittaen,kirjoittamaton,kirjoittamassa,kirjoittamasta,kirjoittamaan,kirjoittamalla,kirjoittamatta,kirjoittaman,kirjoitettaman,kirjoittaminen,kirjoittamista,kirjoittamaisillaan,2019-02-26 14:30:28.278391,2019-03-01 08:21:49.880563,2 days 17:51:21.600000,True,3,0
käyttää,use,used,used,using,käytän,en käytä,olen käyttänyt,en ole käyttänyt,käytät,et käytä,olet käyttänyt,et ole käyttänyt,käyttää,ei käytä,on käyttänyt,ei ole käyttänyt,käytämme,emme käytä,olemme käyttäneet,emme ole käyttäneet,käytätte,ette käytä,olette käyttäneet,ette ole käyttäneet,käyttävät,eivät käytä,ovat käyttäneet,eivät ole käyttäneet,käytetään,ei käytetä,on käytetty,ei ole käytetty,käytin,en käyttänyt,olin käyttänyt,en ollut käyttänyt,käytit,et käyttänyt,olit käyttänyt,et ollut käyttänyt,käytti,ei käyttänyt,oli käyttänyt,ei ollut käyttänyt,käytimme,emme käyttäneet,olimme käyttäneet,emme olleet käyttäneet,käytitte,ette käyttäneet,olitte käyttäneet,ette olleet käyttäneet,käyttivät,eivät käyttäneet,olivat käyttäneet,eivät olleet käyttäneet,käytettiin,ei käytetty,oli käytetty,ei ollut käytetty,käyttäisin,en käyttäisi,olisin käyttänyt,en olisi käyttänyt,käyttäisit,et käyttäisi,olisit käyttänyt,et olisi käyttänyt,käyttäisi,ei käyttäisi,olisi käyttänyt,ei olisi käyttänyt,käyttäisimme,emme käyttäisi,olisimme käyttäneet,emme olisi käyttäneet,käyttäisitte,ette käyttäisi,olisitte käyttäneet,ette olisi käyttäneet,käyttäisivät,eivät käyttäisi,olisivat käyttäneet,eivät olisi käyttäneet,käytettäisiin,ei käytettäisi,olisi käytetty,ei olisi käytetty,käytä,älä käytä,ole käyttänyt,älä ole käyttänyt,käyttäköön,älköön käyttäkö,olkoon käyttänyt,älköön olko käyttänyt,käyttäkäämme,älkäämme käyttäkö,olkaamme käyttäneet,älkäämme olko käyttäneet,käyttäkää,älkää käyttäkö,olkaa käyttäneet,älkää olko käyttäneet,käyttäkööt,älkööt käyttäkö,olkoot käyttäneet,älkööt olko käyttäneet,käytettäköön,älköön käytettäkö,olkoon käytetty,älköön olko käytetty,käyttänen,en käyttäne,lienen käyttänyt,en liene käyttänyt,käyttänet,et käyttäne,lienet käyttänyt,et liene käyttänyt,käyttänee,ei käyttäne,lienee käyttänyt,ei liene käyttänyt,käyttänemme,emme käyttäne,lienemme käyttäneet,emme liene käyttäneet,käyttänette,ette käyttäne,lienette käyttäneet,ette liene käyttäneet,käyttänevät,eivät käyttäne,lienevät käyttäneet,eivät liene käyttäneet,käytettäneen,ei käytettäne,lienee käytetty,ei liene käytetty,käyttää,käyttävä,käytettävä,käyttääkseen,käyttänyt,käytetty,käyttäessä,käytettäessä,käyttämä,käyttäen,käyttämätön,käyttämässä,käyttämästä,käyttämään,käyttämällä,käyttämättä,käyttämän,käytettämän,käyttäminen,käyttämistä,käyttämäisillään,2019-02-26 14:24:26.009950,2019-02-28 13:26:50.012898,1 days 23:02:24,True,2,0
lukea,read,read,read,reading,luen,en lue,olen lukenut,en ole lukenut,luet,et lue,olet lukenut,et ole lukenut,lukee,ei lue,on lukenut,ei ole lukenut,luemme,emme lue,olemme lukeneet,emme ole lukeneet,luette,ette lue,olette lukeneet,ette ole lukeneet,lukevat,eivät lue,ovat lukeneet,eivät ole lukeneet,luetaan,ei lueta,on luettu,ei ole luettu,luin,en lukenut,olin lukenut,en ollut lukenut,luit,et lukenut,olit lukenut,et ollut lukenut,luki,ei lukenut,oli lukenut,ei ollut lukenut,luimme,emme lukeneet,olimme lukeneet,emme olleet lukeneet,luitte,ette lukeneet,olitte lukeneet,ette olleet lukeneet,lukivat,eivät lukeneet,olivat lukeneet,eivät olleet lukeneet,luettiin,ei luettu,oli luettu,ei ollut luettu,lukisin,en lukisi,olisin lukenut,en olisi lukenut,lukisit,et lukisi,olisit lukenut,et olisi lukenut,lukisi,ei lukisi,olisi lukenut,ei olisi lukenut,lukisimme,emme lukisi,olisimme lukeneet,emme olisi lukeneet,lukisitte,ette lukisi,olisitte lukeneet,ette olisi lukeneet,lukisivat,eivät lukisi,olisivat lukeneet,eivät olisi lukeneet,luettaisiin,ei luettaisi,olisi luettu,ei olisi luettu,lue,älä lue,ole lukenut,älä ole lukenut,lukekoon,älköön lukeko,olkoon lukenut,älköön olko lukenut,lukekaamme,älkäämme lukeko,olkaamme lukeneet,älkäämme olko lukeneet,lukekaa,älkää lukeko,olkaa lukeneet,älkää olko lukeneet,lukekoot,älkööt lukeko,olkoot lukeneet,älkööt olko lukeneet,luettakoon,älköön luettako,olkoon luettu,älköön olko luettu,lukenen,en lukene,lienen lukenut,en liene lukenut,lukenet,et lukene,lienet lukenut,et liene lukenut,lukenee,ei lukene,lienee lukenut,ei liene lukenut,lukenemme,emme lukene,lienemme lukeneet,emme liene lukeneet,lukenette,ette lukene,lienette lukeneet,ette liene lukeneet,lukenevat,eivät lukene,lienevät lukeneet,eivät liene lukeneet,luettaneen,ei luettane,lienee luettu,ei liene luettu,lukea,lukeva,luettava,lukeakseen,lukenut,luettu,lukiessa,luettaessa,lukema,lukien,lukematon,lukemassa,lukemasta,lukemaan,lukemalla,lukematta,lukeman,luettaman,lukeminen,lukemista,lukemaisillaan,2019-02-26 14:36:58.277183,2019-03-01 08:28:19.880338,2 days 17:51:21.600000,True,3,0
maksaa,pay,paid,paid,paying,maksan,en maksa,olen maksanut,en ole maksanut,maksat,et maksa,olet maksanut,et ole maksanut,maksaa,ei maksa,on maksanut,ei ole maksanut,maksamme,emme maksa,olemme maksaneet,emme ole maksaneet,maksatte,ette maksa,olette maksaneet,ette ole maksaneet,maksavat,eivät maksa,ovat maksaneet,eivät ole maksaneet,maksetaan,ei makseta,on maksettu,ei ole maksettu,maksoin,en maksanut,olin maksanut,en ollut maksanut,maksoit,et maksanut,olit maksanut,et ollut maksanut,maksoi,ei maksanut,oli maksanut,ei ollut maksanut,maksoimme,emme maksaneet,olimme maksaneet,emme olleet maksaneet,maksoitte,ette maksaneet,olitte maksaneet,ette olleet maksaneet,maksoivat,eivät maksaneet,olivat maksaneet,eivät olleet maksaneet,maksettiin,ei maksettu,oli maksettu,ei ollut maksettu,maksaisin,en maksaisi,olisin maksanut,en olisi maksanut,maksaisit,et maksaisi,olisit maksanut,et olisi maksanut,maksaisi,ei maksaisi,olisi maksanut,ei olisi maksanut,maksaisimme,emme maksaisi,olisimme maksaneet,emme olisi maksaneet,maksaisitte,ette maksaisi,olisitte maksaneet,ette olisi maksaneet,maksaisivat,eivät maksaisi,olisivat maksaneet,eivät olisi maksaneet,maksettaisiin,ei maksettaisi,olisi maksettu,ei olisi maksettu,maksa,älä maksa,ole maksanut,älä ole maksanut,maksakoon,älköön maksako,olkoon maksanut,älköön olko maksanut,maksakaamme,älkäämme maksako,olkaamme maksaneet,älkäämme olko maksaneet,maksakaa,älkää maksako,olkaa maksaneet,älkää olko maksaneet,maksakoot,älkööt maksako,olkoot maksaneet,älkööt olko maksaneet,maksettakoon,älköön maksettako,olkoon maksettu,älköön olko maksettu,maksanen,en maksane,lienen maksanut,en liene maksanut,maksanet,et maksane,lienet maksanut,et liene maksanut,maksanee,ei maksane,lienee maksanut,ei liene maksanut,maksanemme,emme maksane,lienemme maksaneet,emme liene maksaneet,maksanette,ette maksane,lienette maksaneet,ette liene maksaneet,maksanevat,eivät maksane,lienevät maksaneet,eivät liene maksaneet,maksettaneen,ei maksettane,lienee maksettu,ei liene maksettu,maksaa,maksava,maksettava,maksaakseen,maksanut,maksettu,maksaessa,maksettaessa,maksama,maksaen,maksamaton,maksamassa,maksamasta,maksamaan,maksamalla,maksamatta,maksaman,maksettaman,maksaminen,maksamista,maksamaisillaan,2019-02-25 13:20:50.587752,2019-02-27 12:23:14.589951,1 days 23:02:24,True,2,0
nauttia,enjoy,enjoyed,enjoyed,enjoying,nautin,en nauti,olen nauttinut,en ole nauttinut,nautit,et nauti,olet nauttinut,et ole nauttinut,nauttii,ei nauti,on nauttinut,ei ole nauttinut,nautimme,emme nauti,olemme nauttineet,emme ole nauttineet,nautitte,ette nauti,olette nauttineet,ette ole nauttineet,nauttivat,eivät nauti,ovat nauttineet,eivät ole nauttineet,nautitaan,ei nautita,on nautittu,ei ole nautittu,nautin,en nauttinut,olin nauttinut,en ollut nauttinut,nautit,et nauttinut,olit nauttinut,et ollut nauttinut,nautti,ei nauttinut,oli nauttinut,ei ollut nauttinut,nautimme,emme nauttineet,olimme nauttineet,emme olleet nauttineet,nautitte,ette nauttineet,olitte nauttineet,ette olleet nauttineet,nauttivat,eivät nauttineet,olivat nauttineet,eivät olleet nauttineet,nautittiin,ei nautittu,oli nautittu,ei ollut nautittu,nauttisin,en nauttisi,olisin nauttinut,en olisi nauttinut,nauttisit,et nauttisi,olisit nauttinut,et olisi nauttinut,nauttisi,ei nauttisi,olisi nauttinut,ei olisi nauttinut,nauttisimme,emme nauttisi,olisimme nauttineet,emme olisi nauttineet,nauttisitte,ette nauttisi,olisitte nauttineet,ette olisi nauttineet,nauttisivat,eivät nauttisi,olisivat nauttineet,eivät olisi nauttineet,nautittaisiin,ei nautittaisi,olisi nautittu,ei olisi nautittu,nauti,älä nauti,ole nauttinut,älä ole nauttinut,nauttikoon,älköön nauttiko,olkoon nauttinut,älköön olko nauttinut,nauttikaamme,älkäämme nauttiko,olkaamme nauttineet,älkäämme olko nauttineet,nauttikaa,älkää nauttiko,olkaa nauttineet,älkää olko nauttineet,nauttikoot,älkööt nauttiko,olkoot nauttineet,älkööt olko nauttineet,nautittakoon,älköön nautittako,olkoon nautittu,älköön olko nautittu,nauttinen,en nauttine,lienen nauttinut,en liene nauttinut,nauttinet,et nauttine,lienet nauttinut,et liene nauttinut,nauttinee,ei nauttine,lienee nauttinut,ei liene nauttinut,nauttinemme,emme nauttine,lienemme nauttineet,emme liene nauttineet,nauttinette,ette nauttine,lienette nauttineet,ette liene nauttineet,nauttinevat,eivät nauttine,lienevät nauttineet,eivät liene nauttineet,nautittaneen,ei nautittane,lienee nautittu,ei liene nautittu,nauttia,nauttiva,nautittava,nauttiakseen,nauttinut,nautittu,nauttiessa,nautittaessa,nauttima,nauttien,nauttimaton,nauttimassa,nauttimasta,nauttimaan,nauttimalla,nauttimatta,nauttiman,nautittaman,nauttiminen,nauttimista,nauttimaisillaan,2019-02-26 14:29:49.524914,2019-02-24 11:32:44.779103,1 days 00:00:00,False,0,4
niellä,swallow,swallowed,swallowed,swallowing,nielen,en niele,olen niellyt,en ole niellyt,nielet,et niele,olet niellyt,et ole niellyt,nielee,ei niele,on niellyt,ei ole niellyt,nielemme,emme niele,olemme nielleet,emme ole nielleet,nielette,ette niele,olette nielleet,ette ole nielleet,nielevät,eivät niele,ovat nielleet,eivät ole nielleet,niellään,ei niellä,on nielty,ei ole nielty,nielin,en niellyt,olin niellyt,en ollut niellyt,nielit,et niellyt,olit niellyt,et ollut niellyt,nieli,ei niellyt,oli niellyt,ei ollut niellyt,nielimme,emme nielleet,olimme nielleet,emme olleet nielleet,nielitte,ette nielleet,olitte nielleet,ette olleet nielleet,nielivät,eivät nielleet,olivat nielleet,eivät olleet nielleet,nieltiin,ei nielty,oli nielty,ei ollut nielty,nielisin,en nielisi,olisin niellyt,en olisi niellyt,nielisit,et nielisi,olisit niellyt,et olisi niellyt,nielisi,ei nielisi,olisi niellyt,ei olisi niellyt,nielisimme,emme nielisi,olisimme nielleet,emme olisi nielleet,nielisitte,ette nielisi,olisitte nielleet,ette olisi nielleet,nielisivät,eivät nielisi,olisivat nielleet,eivät olisi nielleet,nieltäisiin,ei nieltäisi,olisi nielty,ei olisi nielty,niele,älä niele,ole niellyt,älä ole niellyt,nielköön,älköön nielkö,olkoon niellyt,älköön olko niellyt,nielkäämme,älkäämme nielkö,olkaamme nielleet,älkäämme olko nielleet,nielkää,älkää nielkö,olkaa nielleet,älkää olko nielleet,nielkööt,älkööt nielkö,olkoot nielleet,älkööt olko nielleet,nieltäköön,älköön nieltäkö,olkoon nielty,älköön olko nielty,niellen,en nielle,lienen niellyt,en liene niellyt,niellet,et nielle,lienet niellyt,et liene niellyt,niellee,ei nielle,lienee niellyt,ei liene niellyt,niellemme,emme nielle,lienemme nielleet,emme liene nielleet,niellette,ette nielle,lienette nielleet,ette liene nielleet,niellevät,eivät nielle,lienevät nielleet,eivät liene nielleet,nieltäneen,ei nieltäne,lienee nielty,ei liene nielty,niellä,nielevä,nieltävä,nielläkseen,niellyt,nielty,niellessä,nieltäessä,nielemä,niellen,nielemätön,nielemässä,nielemästä,nielemään,nielemällä,nielemättä,nielemän,nieltämän,nieleminen,nielemistä,nielemäisillään,2019-02-26 14:33:08.433666,2019-03-02 17:20:10.836006,4 days 02:47:02.399998,True,4,0
olla,am/are/is,was/were,been,being,olen,en ole,olen ollut,en ole ollut,olet,et ole,olet ollut,et ole ollut,on,ei ole,on ollut,ei ole ollut,olemme,emme ole,olemme olleet,emme ole olleet,olette,ette ole,olette olleet,ette ole olleet,ovat,eivät ole,ovat olleet,eivät ole olleet,ollaan,ei olla,on oltu,ei ole oltu,olin,en ollut,olin ollut,en ollut ollut,olit,et ollut,olit ollut,et ollut ollut,oli,ei ollut,oli ollut,ei ollut ollut,olimme,emme olleet,olimme olleet,emme olleet olleet,olitte,ette olleet,olitte olleet,ette olleet olleet,olivat,eivät olleet,olivat olleet,eivät olleet olleet,oltiin,ei oltu,oli oltu,ei ollut oltu,olisin,en olisi,olisin ollut,en olisi ollut,olisit,et olisi,olisit ollut,et olisi ollut,olisi,ei olisi,olisi ollut,ei olisi ollut,olisimme,emme olisi,olisimme olleet,emme olisi olleet,olisitte,ette olisi,olisitte olleet,ette olisi olleet,olisivat,eivät olisi,olisivat olleet,eivät olisi olleet,oltaisiin,ei oltaisi,olisi oltu,ei olisi oltu,ole,älä ole,ole ollut,älä ole ollut,olkoon,älköön olko,olkoon ollut,älköön olko ollut,olkaamme,älkäämme olko,olkaamme olleet,älkäämme olko olleet,olkaa,älkää olko,olkaa olleet,älkää olko olleet,olkoot,älkööt olko,olkoot olleet,älkööt olko olleet,oltakoon,älköön oltako,olkoon oltu,älköön olko oltu,lienen,en liene,lienen ollut,en liene ollut,lienet,et liene,lienet ollut,et liene ollut,lienee,ei liene,lienee ollut,ei liene ollut,lienemme,emme liene,lienemme olleet,emme liene olleet,lienette,ette liene,lienette olleet,ette liene olleet,lienevät,eivät liene,lienevät olleet,eivät liene olleet,oltaneen,ei oltane,lienee oltu,ei liene oltu,olla,oleva,oltava,ollakseen,ollut,oltu,ollessa,oltaessa,olema,ollen,olematon,olemassa,olemasta,olemaan,olemalla,olematta,oleman,oltaman,oleminen,olemista,olemaisillaan,2019-02-26 14:32:55.677624,2019-03-02 17:19:58.079689,4 days 02:47:02.399998,True,4,0
opetella,am/are/is studying,was/were studying,been studying,doing studying,opettelen,en opettele,olen opetellut,en ole opetellut,opettelet,et opettele,olet opetellut,et ole opetellut,opettelee,ei opettele,on opetellut,ei ole opetellut,opettelemme,emme opettele,olemme opetelleet,emme ole opetelleet,opettelette,ette opettele,olette opetelleet,ette ole opetelleet,opettelevat,eivät opettele,ovat opetelleet,eivät ole opetelleet,opetellaan,ei opetella,on opeteltu,ei ole opeteltu,opettelin,en opetellut,olin opetellut,en ollut opetellut,opettelit,et opetellut,olit opetellut,et ollut opetellut,opetteli,ei opetellut,oli opetellut,ei ollut opetellut,opettelimme,emme opetelleet,olimme opetelleet,emme olleet opetelleet,opettelitte,ette opetelleet,olitte opetelleet,ette olleet opetelleet,opettelivat,eivät opetelleet,olivat opetelleet,eivät olleet opetelleet,opeteltiin,ei opeteltu,oli opeteltu,ei ollut opeteltu,opettelisin,en opettelisi,olisin opetellut,en olisi opetellut,opettelisit,et opettelisi,olisit opetellut,et olisi opetellut,opettelisi,ei opettelisi,olisi opetellut,ei olisi opetellut,opettelisimme,emme opettelisi,olisimme opetelleet,emme olisi opetelleet,opettelisitte,ette opettelisi,olisitte opetelleet,ette olisi opetelleet,opettelisivat,eivät opettelisi,olisivat opetelleet,eivät olisi opetelleet,opeteltaisiin,ei opeteltaisi,olisi opeteltu,ei olisi opeteltu,opettele,älä opettele,ole opetellut,älä ole opetellut,opetelkoon,älköön opetelko,olkoon opetellut,älköön olko opetellut,opetelkaamme,älkäämme opetelko,olkaamme opetelleet,älkäämme olko opetelleet,opetelkaa,älkää opetelko,olkaa opetelleet,älkää olko opetelleet,opetelkoot,älkööt opetelko,olkoot opetelleet,älkööt olko opetelleet,opeteltakoon,älköön opeteltako,olkoon opeteltu,älköön olko opeteltu,opetellen,en opetelle,lienen opetellut,en liene opetellut,opetellet,et opetelle,lienet opetellut,et liene opetellut,opetellee,ei opetelle,lienee opetellut,ei liene opetellut,opetellemme,emme opetelle,lienemme opetelleet,emme liene opetelleet,opetellette,ette opetelle,lienette opetelleet,ette liene opetelleet,opetellevat,eivät opetelle,lienevät opetelleet,eivät liene opetelleet,opeteltaneen,ei opeteltane,lienee opeteltu,ei liene opeteltu,opetella,opetteleva,opeteltava,opetellakseen,opetellut,opeteltu,opetellessa,opeteltaessa,opettelema,opetellen,opettelematon,opettelemassa,opettelemasta,opettelemaan,opettelemalla,opettelematta,opetteleman,opeteltaman,opetteleminen,opettelemista,opettelemaisillaan,2019-02-26 21:37:06.223787,2019-02-26 21:37:06.224008,1 days 00:00:00,True,0,0
opiskella,study,studied,studied,studying,opiskelen,en opiskele,olen opiskellut,en ole opiskellut,opiskelet,et opiskele,olet opiskellut,et ole opiskellut,opiskelee,ei opiskele,on opiskellut,ei ole opiskellut,opiskelemme,emme opiskele,olemme opiskelleet,emme ole opiskelleet,opiskelette,ette opiskele,olette opiskelleet,ette ole opiskelleet,opiskelevat,eivät opiskele,ovat opiskelleet,eivät ole opiskelleet,opiskellaan,ei opiskella,on opiskeltu,ei ole opiskeltu,opiskelin,en opiskellut,olin opiskellut,en ollut opiskellut,opiskelit,et opiskellut,olit opiskellut,et ollut opiskellut,opiskeli,ei opiskellut,oli opiskellut,ei ollut opiskellut,opiskelimme,emme opiskelleet,olimme opiskelleet,emme olleet opiskelleet,opiskelitte,ette opiskelleet,olitte opiskelleet,ette olleet opiskelleet,opiskelivat,eivät opiskelleet,olivat opiskelleet,eivät olleet opiskelleet,opiskeltiin,ei opiskeltu,oli opiskeltu,ei ollut opiskeltu,opiskelisin,en opiskelisi,olisin opiskellut,en olisi opiskellut,opiskelisit,et opiskelisi,olisit opiskellut,et olisi opiskellut,opiskelisi,ei opiskelisi,olisi opiskellut,ei olisi opiskellut,opiskelisimme,emme opiskelisi,olisimme opiskelleet,emme olisi opiskelleet,opiskelisitte,ette opiskelisi,olisitte opiskelleet,ette olisi opiskelleet,opiskelisivat,eivät opiskelisi,olisivat opiskelleet,eivät olisi opiskelleet,opiskeltaisiin,ei opiskeltaisi,olisi opiskeltu,ei olisi opiskeltu,opiskele,älä opiskele,ole opiskellut,älä ole opiskellut,opiskelkoon,älköön opiskelko,olkoon opiskellut,älköön olko opiskellut,opiskelkaamme,älkäämme opiskelko,olkaamme opiskelleet,älkäämme olko opiskelleet,opiskelkaa,älkää opiskelko,olkaa opiskelleet,älkää olko opiskelleet,opiskelkoot,älkööt opiskelko,olkoot opiskelleet,älkööt olko opiskelleet,opiskeltakoon,älköön opiskeltako,olkoon opiskeltu,älköön olko opiskeltu,opiskellen,en opiskelle,lienen opiskellut,en liene opiskellut,opiskellet,et opiskelle,lienet opiskellut,et liene opiskellut,opiskellee,ei opiskelle,lienee opiskellut,ei liene opiskellut,opiskellemme,emme opiskelle,lienemme opiskelleet,emme liene opiskelleet,opiskellette,ette opiskelle,lienette opiskelleet,ette liene opiskelleet,opiskellevat,eivät opiskelle,lienevät opiskelleet,eivät liene opiskelleet,opiskeltaneen,ei opiskeltane,lienee opiskeltu,ei liene opiskeltu,opiskella,opiskeleva,opiskeltava,opiskellakseen,opiskellut,opiskeltu,opiskellessa,opiskeltaessa,opiskelema,opiskellen,opiskelematon,opiskelemassa,opiskelemasta,opiskelemaan,opiskelemalla,opiskelematta,opiskeleman,opiskeltaman,opiskeleminen,opiskelemista,opiskelemaisillaan,2019-02-26 14:32:02.794350,2019-03-01 08:23:24.397455,2 days 17:51:21.600000,True,3,1
oppia,learn,learned,learned,learning,opin,en opi,olen oppinut,en ole oppinut,opit,et opi,olet oppinut,et ole oppinut,oppii,ei opi,on oppinut,ei ole oppinut,opimme,emme opi,olemme oppineet,emme ole oppineet,opitte,ette opi,olette oppineet,ette ole oppineet,oppivat,eivät opi,ovat oppineet,eivät ole oppineet,opitaan,ei opita,on opittu,ei ole opittu,opin,en oppinut,olin oppinut,en ollut oppinut,opit,et oppinut,olit oppinut,et ollut oppinut,oppi,ei oppinut,oli oppinut,ei ollut oppinut,opimme,emme oppineet,olimme oppineet,emme olleet oppineet,opitte,ette oppineet,olitte oppineet,ette olleet oppineet,oppivat,eivät oppineet,olivat oppineet,eivät olleet oppineet,opittiin,ei opittu,oli opittu,ei ollut opittu,oppisin,en oppisi,olisin oppinut,en olisi oppinut,oppisit,et oppisi,olisit oppinut,et olisi oppinut,oppisi,ei oppisi,olisi oppinut,ei olisi oppinut,oppisimme,emme oppisi,olisimme oppineet,emme olisi oppineet,oppisitte,ette oppisi,olisitte oppineet,ette olisi oppineet,oppisivat,eivät oppisi,olisivat oppineet,eivät olisi oppineet,opittaisiin,ei opittaisi,olisi opittu,ei olisi opittu,opi,älä opi,ole oppinut,älä ole oppinut,oppikoon,älköön oppiko,olkoon oppinut,älköön olko oppinut,oppikaamme,älkäämme oppiko,olkaamme oppineet,älkäämme olko oppineet,oppikaa,älkää oppiko,olkaa oppineet,älkää olko oppineet,oppikoot,älkööt oppiko,olkoot oppineet,älkööt olko oppineet,opittakoon,älköön opittako,olkoon opittu,älköön olko opittu,oppinen,en oppine,lienen oppinut,en liene oppinut,oppinet,et oppine,lienet oppinut,et liene oppinut,oppinee,ei oppine,lienee oppinut,ei liene oppinut,oppinemme,emme oppine,lienemme oppineet,emme liene oppineet,oppinette,ette oppine,lienette oppineet,ette liene oppineet,oppinevat,eivät oppine,lienevät oppineet,eivät liene oppineet,opittaneen,ei opittane,lienee opittu,ei liene opittu,oppia,oppiva,opittava,oppiakseen,oppinut,opittu,oppiessa,opittaessa,oppima,oppien,oppimaton,oppimassa,oppimasta,oppimaan,oppimalla,oppimatta,oppiman,opittaman,oppiminen,oppimista,oppimaisillaan,2019-02-26 21:35:50.041368,2019-02-26 21:35:50.041585,1 days 00:00:00,True,0,0
osoittaa,direct (written),directed (written),directed (written),directing (written),osoitan,en osoita,olen osoittanut,en ole osoittanut,osoitat,et osoita,olet osoittanut,et ole osoittanut,osoittaa,ei osoita,on osoittanut,ei ole osoittanut,osoitamme,emme osoita,olemme osoittaneet,emme ole osoittaneet,osoitatte,ette osoita,olette osoittaneet,ette ole osoittaneet,osoittavat,eivät osoita,ovat osoittaneet,eivät ole osoittaneet,osoitetaan,ei osoiteta,on osoitettu,ei ole osoitettu,osoitin,en osoittanut,olin osoittanut,en ollut osoittanut,osoitit,et osoittanut,olit osoittanut,et ollut osoittanut,osoitti,ei osoittanut,oli osoittanut,ei ollut osoittanut,osoitimme,emme osoittaneet,olimme osoittaneet,emme olleet osoittaneet,osoititte,ette osoittaneet,olitte osoittaneet,ette olleet osoittaneet,osoittivat,eivät osoittaneet,olivat osoittaneet,eivät olleet osoittaneet,osoitettiin,ei osoitettu,oli osoitettu,ei ollut osoitettu,osoittaisin,en osoittaisi,olisin osoittanut,en olisi osoittanut,osoittaisit,et osoittaisi,olisit osoittanut,et olisi osoittanut,osoittaisi,ei osoittaisi,olisi osoittanut,ei olisi osoittanut,osoittaisimme,emme osoittaisi,olisimme osoittaneet,emme olisi osoittaneet,osoittaisitte,ette osoittaisi,olisitte osoittaneet,ette olisi osoittaneet,osoittaisivat,eivät osoittaisi,olisivat osoittaneet,eivät olisi osoittaneet,osoitettaisiin,ei osoitettaisi,olisi osoitettu,ei olisi osoitettu,osoita,älä osoita,ole osoittanut,älä ole osoittanut,osoittakoon,älköön osoittako,olkoon osoittanut,älköön olko osoittanut,osoittakaamme,älkäämme osoittako,olkaamme osoittaneet,älkäämme olko osoittaneet,osoittakaa,älkää osoittako,olkaa osoittaneet,älkää olko osoittaneet,osoittakoot,älkööt osoittako,olkoot osoittaneet,älkööt olko osoittaneet,osoitettakoon,älköön osoitettako,olkoon osoitettu,älköön olko osoitettu,osoittanen,en osoittane,lienen osoittanut,en liene osoittanut,osoittanet,et osoittane,lienet osoittanut,et liene osoittanut,osoittanee,ei osoittane,lienee osoittanut,ei liene osoittanut,osoittanemme,emme osoittane,lienemme osoittaneet,emme liene osoittaneet,osoittanette,ette osoittane,lienette osoittaneet,ette liene osoittaneet,osoittanevat,eivät osoittane,lienevät osoittaneet,eivät liene osoittaneet,osoitettaneen,ei osoitettane,lienee osoitettu,ei liene osoitettu,osoittaa,osoittava,osoitettava,osoittaakseen,osoittanut,osoitettu,osoittaessa,osoitettaessa,osoittama,osoittaen,osoittamaton,osoittamassa,osoittamasta,osoittamaan,osoittamalla,osoittamatta,osoittaman,osoitettaman,osoittaminen,osoittamista,osoittamaisillaan,2019-02-26 14:35:51.265340,2019-02-27 14:35:51.267450,1 days 00:00:00,True,1,1
ostaa,buy,bought,bought,buying,ostan,en osta,olen ostanut,en ole ostanut,ostat,et osta,olet ostanut,et ole ostanut,ostaa,ei osta,on ostanut,ei ole ostanut,ostamme,emme osta,olemme ostaneet,emme ole ostaneet,ostatte,ette osta,olette ostaneet,ette ole ostaneet,ostavat,eivät osta,ovat ostaneet,eivät ole ostaneet,ostetaan,ei osteta,on ostettu,ei ole ostettu,ostin,en ostanut,olin ostanut,en ollut ostanut,ostit,et ostanut,olit ostanut,et ollut ostanut,osti,ei ostanut,oli ostanut,ei ollut ostanut,ostimme,emme ostaneet,olimme ostaneet,emme olleet ostaneet,ostitte,ette ostaneet,olitte ostaneet,ette olleet ostaneet,ostivat,eivät ostaneet,olivat ostaneet,eivät olleet ostaneet,ostettiin,ei ostettu,oli ostettu,ei ollut ostettu,ostaisin,en ostaisi,olisin ostanut,en olisi ostanut,ostaisit,et ostaisi,olisit ostanut,et olisi ostanut,ostaisi,ei ostaisi,olisi ostanut,ei olisi ostanut,ostaisimme,emme ostaisi,olisimme ostaneet,emme olisi ostaneet,ostaisitte,ette ostaisi,olisitte ostaneet,ette olisi ostaneet,ostaisivat,eivät ostaisi,olisivat ostaneet,eivät olisi ostaneet,ostettaisiin,ei ostettaisi,olisi ostettu,ei olisi ostettu,osta,älä osta,ole ostanut,älä ole ostanut,ostakoon,älköön ostako,olkoon ostanut,älköön olko ostanut,ostakaamme,älkäämme ostako,olkaamme ostaneet,älkäämme olko ostaneet,ostakaa,älkää ostako,olkaa ostaneet,älkää olko ostaneet,ostakoot,älkööt ostako,olkoot ostaneet,älkööt olko ostaneet,ostettakoon,älköön ostettako,olkoon ostettu,älköön olko ostettu,ostanen,en ostane,lienen ostanut,en liene ostanut,ostanet,et ostane,lienet ostanut,et liene ostanut,ostanee,ei ostane,lienee ostanut,ei liene ostanut,ostanemme,emme ostane,lienemme ostaneet,emme liene ostaneet,ostanette,ette ostane,lienette ostaneet,ette liene ostaneet,ostanevat,eivät ostane,lienevät ostaneet,eivät liene ostaneet,ostettaneen,ei ostettane,lienee ostettu,ei liene ostettu,ostaa,ostava,ostettava,ostaakseen,ostanut,ostettu,ostaessa,ostettaessa,ostama,ostaen,ostamaton,ostamassa,ostamasta,ostamaan,ostamalla,ostamatta,ostaman,ostettaman,ostaminen,ostamista,ostamaisillaan,2019-02-25 13:19:12.509395,2019-02-28 07:10:34.112516,2 days 17:51:21.600000,True,3,0
piirtää,draw,drew,drawn,drawing,piirrän,en piirrä,olen piirtänyt,en ole piirtänyt,piirrät,et piirrä,olet piirtänyt,et ole piirtänyt,piirtää,ei piirrä,on piirtänyt,ei ole piirtänyt,piirrämme,emme piirrä,olemme piirtäneet,emme ole piirtäneet,piirrätte,ette piirrä,olette piirtäneet,ette ole piirtäneet,piirtävät,eivät piirrä,ovat piirtäneet,eivät ole piirtäneet,piirretään,ei piirretä,on piirretty,ei ole piirretty,piirsin,en piirtänyt,olin piirtänyt,en ollut piirtänyt,piirsit,et piirtänyt,olit piirtänyt,et ollut piirtänyt,piirsi,ei piirtänyt,oli piirtänyt,ei ollut piirtänyt,piirsimme,emme piirtäneet,olimme piirtäneet,emme olleet piirtäneet,piirsitte,ette piirtäneet,olitte piirtäneet,ette olleet piirtäneet,piirsivät,eivät piirtäneet,olivat piirtäneet,eivät olleet piirtäneet,piirrettiin,ei piirretty,oli piirretty,ei ollut piirretty,piirtäisin,en piirtäisi,olisin piirtänyt,en olisi piirtänyt,piirtäisit,et piirtäisi,olisit piirtänyt,et olisi piirtänyt,piirtäisi,ei piirtäisi,olisi piirtänyt,ei olisi piirtänyt,piirtäisimme,emme piirtäisi,olisimme piirtäneet,emme olisi piirtäneet,piirtäisitte,ette piirtäisi,olisitte piirtäneet,ette olisi piirtäneet,piirtäisivät,eivät piirtäisi,olisivat piirtäneet,eivät olisi piirtäneet,piirrettäisiin,ei piirrettäisi,olisi piirretty,ei olisi piirretty,piirrä,älä piirrä,ole piirtänyt,älä ole piirtänyt,piirtäköön,älköön piirtäkö,olkoon piirtänyt,älköön olko piirtänyt,piirtäkäämme,älkäämme piirtäkö,olkaamme piirtäneet,älkäämme olko piirtäneet,piirtäkää,älkää piirtäkö,olkaa piirtäneet,älkää olko piirtäneet,piirtäkööt,älkööt piirtäkö,olkoot piirtäneet,älkööt olko piirtäneet,piirrettäköön,älköön piirrettäkö,olkoon piirretty,älköön olko piirretty,piirtänen,en piirtäne,lienen piirtänyt,en liene piirtänyt,piirtänet,et piirtäne,lienet piirtänyt,et liene piirtänyt,piirtänee,ei piirtäne,lienee piirtänyt,ei liene piirtänyt,piirtänemme,emme piirtäne,lienemme piirtäneet,emme liene piirtäneet,piirtänette,ette piirtäne,lienette piirtäneet,ette liene piirtäneet,piirtänevät,eivät piirtäne,lienevät piirtäneet,eivät liene piirtäneet,piirrettäneen,ei piirrettäne,lienee piirretty,ei liene piirretty,piirtää,piirtävä,piirrettävä,piirtääkseen,piirtänyt,piirretty,piirtäessä,piirrettäessä,piirtämä,piirtäen,piirtämätön,piirtämässä,piirtämästä,piirtämään,piirtämällä,piirtämättä,piirtämän,piirrettämän,piirtäminen,piirtämistä,piirtämäisillään,2019-02-26 14:22:16.778929,2019-03-02 17:09:19.191093,4 days 02:47:02.399998,True,4,1
puhua,speak,spoke,spoken,speaking,puhun,en puhu,olen puhunut,en ole puhunut,puhut,et puhu,olet puhunut,et ole puhunut,puhuu,ei puhu,on puhunut,ei ole puhunut,puhumme,emme puhu,olemme puhuneet,emme ole puhuneet,puhutte,ette puhu,olette puhuneet,ette ole puhuneet,puhuvat,eivät puhu,ovat puhuneet,eivät ole puhuneet,puhutaan,ei puhuta,on puhuttu,ei ole puhuttu,puhuin,en puhunut,olin puhunut,en ollut puhunut,puhuit,et puhunut,olit puhunut,et ollut puhunut,puhui,ei puhunut,oli puhunut,ei ollut puhunut,puhuimme,emme puhuneet,olimme puhuneet,emme olleet puhuneet,puhuitte,ette puhuneet,olitte puhuneet,ette olleet puhuneet,puhuivat,eivät puhuneet,olivat puhuneet,eivät olleet puhuneet,puhuttiin,ei puhuttu,oli puhuttu,ei ollut puhuttu,puhuisin,en puhuisi,olisin puhunut,en olisi puhunut,puhuisit,et puhuisi,olisit puhunut,et olisi puhunut,puhuisi,ei puhuisi,olisi puhunut,ei olisi puhunut,puhuisimme,emme puhuisi,olisimme puhuneet,emme olisi puhuneet,puhuisitte,ette puhuisi,olisitte puhuneet,ette olisi puhuneet,puhuisivat,eivät puhuisi,olisivat puhuneet,eivät olisi puhuneet,puhuttaisiin,ei puhuttaisi,olisi puhuttu,ei olisi puhuttu,puhu,älä puhu,ole puhunut,älä ole puhunut,puhukoon,älköön puhuko,olkoon puhunut,älköön olko puhunut,puhukaamme,älkäämme puhuko,olkaamme puhuneet,älkäämme olko puhuneet,puhukaa,älkää puhuko,olkaa puhuneet,älkää olko puhuneet,puhukoot,älkööt puhuko,olkoot puhuneet,älkööt olko puhuneet,puhuttakoon,älköön puhuttako,olkoon puhuttu,älköön olko puhuttu,puhunen,en puhune,lienen puhunut,en liene puhunut,puhunet,et puhune,lienet puhunut,et liene puhunut,puhunee,ei puhune,lienee puhunut,ei liene puhunut,puhunemme,emme puhune,lienemme puhuneet,emme liene puhuneet,puhunette,ette puhune,lienette puhuneet,ette liene puhuneet,puhunevat,eivät puhune,lienevät puhuneet,eivät liene puhuneet,puhuttaneen,ei puhuttane,lienee puhuttu,ei liene puhuttu,puhua,puhuva,puhuttava,puhuakseen,puhunut,puhuttu,puhuessa,puhuttaessa,puhuma,puhuen,puhumaton,puhumassa,puhumasta,puhumaan,puhumalla,puhumatta,puhuman,puhuttaman,puhuminen,puhumista,puhumaisillaan,2019-02-25 13:18:23.577093,2019-02-27 12:20:47.580365,1 days 23:02:24,True,2,0
puhutella,direct (spoken),directed (spoken),directed (spoken),directing (spoken),puhuttelen,en puhuttele,olen puhutellut,en ole puhutellut,puhuttelet,et puhuttele,olet puhutellut,et ole puhutellut,puhuttelee,ei puhuttele,on puhutellut,ei ole puhutellut,puhuttelemme,emme puhuttele,olemme puhutelleet,emme ole puhutelleet,puhuttelette,ette puhuttele,olette puhutelleet,ette ole puhutelleet,puhuttelevat,eivät puhuttele,ovat puhutelleet,eivät ole puhutelleet,puhutellaan,ei puhutella,on puhuteltu,ei ole puhuteltu,puhuttelin,en puhutellut,olin puhutellut,en ollut puhutellut,puhuttelit,et puhutellut,olit puhutellut,et ollut puhutellut,puhutteli,ei puhutellut,oli puhutellut,ei ollut puhutellut,puhuttelimme,emme puhutelleet,olimme puhutelleet,emme olleet puhutelleet,puhuttelitte,ette puhutelleet,olitte puhutelleet,ette olleet puhutelleet,puhuttelivat,eivät puhutelleet,olivat puhutelleet,eivät olleet puhutelleet,puhuteltiin,ei puhuteltu,oli puhuteltu,ei ollut puhuteltu,puhuttelisin,en puhuttelisi,olisin puhutellut,en olisi puhutellut,puhuttelisit,et puhuttelisi,olisit puhutellut,et olisi puhutellut,puhuttelisi,ei puhuttelisi,olisi puhutellut,ei olisi puhutellut,puhuttelisimme,emme puhuttelisi,olisimme puhutelleet,emme olisi puhutelleet,puhuttelisitte,ette puhuttelisi,olisitte puhutelleet,ette olisi puhutelleet,puhuttelisivat,eivät puhuttelisi,olisivat puhutelleet,eivät olisi puhutelleet,puhuteltaisiin,ei puhuteltaisi,olisi puhuteltu,ei olisi puhuteltu,puhuttele,älä puhuttele,ole puhutellut,älä ole puhutellut,puhutelkoon,älköön puhutelko,olkoon puhutellut,älköön olko puhutellut,puhutelkaamme,älkäämme puhutelko,olkaamme puhutelleet,älkäämme olko puhutelleet,puhutelkaa,älkää puhutelko,olkaa puhutelleet,älkää olko puhutelleet,puhutelkoot,älkööt puhutelko,olkoot puhutelleet,älkööt olko puhutelleet,puhuteltakoon,älköön puhuteltako,olkoon puhuteltu,älköön olko puhuteltu,puhutellen,en puhutelle,lienen puhutellut,en liene puhutellut,puhutellet,et puhutelle,lienet puhutellut,et liene puhutellut,puhutellee,ei puhutelle,lienee puhutellut,ei liene puhutellut,puhutellemme,emme puhutelle,lienemme puhutelleet,emme liene puhutelleet,puhutellette,ette puhutelle,lienette puhutelleet,ette liene puhutelleet,puhutellevat,eivät puhutelle,lienevät puhutelleet,eivät liene puhutelleet,puhuteltaneen,ei puhuteltane,lienee puhuteltu,ei liene puhuteltu,puhutella,puhutteleva,puhuteltava,puhutellakseen,puhutellut,puhuteltu,puhutellessa,puhuteltaessa,puhuttelema,puhutellen,puhuttelematon,puhuttelemassa,puhuttelemasta,puhuttelemaan,puhuttelemalla,puhuttelematta,puhutteleman,puhuteltaman,puhutteleminen,puhuttelemista,puhuttelemaisillaan,2019-02-25 16:15:51.790148,2019-02-27 01:51:51.792920,1 days 09:36:00,True,1,0
rakentaa,build,built,built,building,rakennan,en rakenna,olen rakentanut,en ole rakentanut,rakennat,et rakenna,olet rakentanut,et ole rakentanut,rakentaa,ei rakenna,on rakentanut,ei ole rakentanut,rakennamme,emme rakenna,olemme rakentaneet,emme ole rakentaneet,rakennatte,ette rakenna,olette rakentaneet,ette ole rakentaneet,rakentavat,eivät rakenna,ovat rakentaneet,eivät ole rakentaneet,rakennetaan,ei rakenneta,on rakennettu,ei ole rakennettu,rakensin,en rakentanut,olin rakentanut,en ollut rakentanut,rakensit,et rakentanut,olit rakentanut,et ollut rakentanut,rakensi,ei rakentanut,oli rakentanut,ei ollut rakentanut,rakensimme,emme rakentaneet,olimme rakentaneet,emme olleet rakentaneet,rakensitte,ette rakentaneet,olitte rakentaneet,ette olleet rakentaneet,rakensivat,eivät rakentaneet,olivat rakentaneet,eivät olleet rakentaneet,rakennettiin,ei rakennettu,oli rakennettu,ei ollut rakennettu,rakentaisin,en rakentaisi,olisin rakentanut,en olisi rakentanut,rakentaisit,et rakentaisi,olisit rakentanut,et olisi rakentanut,rakentaisi,ei rakentaisi,olisi rakentanut,ei olisi rakentanut,rakentaisimme,emme rakentaisi,olisimme rakentaneet,emme olisi rakentaneet,rakentaisitte,ette rakentaisi,olisitte rakentaneet,ette olisi rakentaneet,rakentaisivat,eivät rakentaisi,olisivat rakentaneet,eivät olisi rakentaneet,rakennettaisiin,ei rakennettaisi,olisi rakennettu,ei olisi rakennettu,rakenna,älä rakenna,ole rakentanut,älä ole rakentanut,rakentakoon,älköön rakentako,olkoon rakentanut,älköön olko rakentanut,rakentakaamme,älkäämme rakentako,olkaamme rakentaneet,älkäämme olko rakentaneet,rakentakaa,älkää rakentako,olkaa rakentaneet,älkää olko rakentaneet,rakentakoot,älkööt rakentako,olkoot rakentaneet,älkööt olko rakentaneet,rakennettakoon,älköön rakennettako,olkoon rakennettu,älköön olko rakennettu,rakentanen,en rakentane,lienen rakentanut,en liene rakentanut,rakentanet,et rakentane,lienet rakentanut,et liene rakentanut,rakentanee,ei rakentane,lienee rakentanut,ei liene rakentanut,rakentanemme,emme rakentane,lienemme rakentaneet,emme liene rakentaneet,rakentanette,ette rakentane,lienette rakentaneet,ette liene rakentaneet,rakentanevat,eivät rakentane,lienevät rakentaneet,eivät liene rakentaneet,rakennettaneen,ei rakennettane,lienee rakennettu,ei liene rakennettu,rakentaa,rakentava,rakennettava,rakentaakseen,rakentanut,rakennettu,rakentaessa,rakennettaessa,rakentama,rakentaen,rakentamaton,rakentamassa,rakentamasta,rakentamaan,rakentamalla,rakentamatta,rakentaman,rakennettaman,rakentaminen,rakentamista,rakentamaisillaan,2019-02-26 14:22:42.202465,2019-02-28 13:25:06.205166,1 days 23:02:24,True,2,0
syödä,eat,ate,eaten,eating,syön,en syö,olen syönyt,en ole syönyt,syöt,et syö,olet syönyt,et ole syönyt,syö,ei syö,on syönyt,ei ole syönyt,syömme,emme syö,olemme syöneet,emme ole syöneet,syötte,ette syö,olette syöneet,ette ole syöneet,syövät,eivät syö,ovat syöneet,eivät ole syöneet,syödään,ei syödä,on syöty,ei ole syöty,söin,en syönyt,olin syönyt,en ollut syönyt,söit,et syönyt,olit syönyt,et ollut syönyt,söi,ei syönyt,oli syönyt,ei ollut syönyt,söimme,emme syöneet,olimme syöneet,emme olleet syöneet,söitte,ette syöneet,olitte syöneet,ette olleet syöneet,söivät,eivät syöneet,olivat syöneet,eivät olleet syöneet,syötiin,ei syöty,oli syöty,ei ollut syöty,söisin,en söisi,olisin syönyt,en olisi syönyt,söisit,et söisi,olisit syönyt,et olisi syönyt,söisi,ei söisi,olisi syönyt,ei olisi syönyt,söisimme,emme söisi,olisimme syöneet,emme olisi syöneet,söisitte,ette söisi,olisitte syöneet,ette olisi syöneet,söisivät,eivät söisi,olisivat syöneet,eivät olisi syöneet,syötäisiin,ei syötäisi,olisi syöty,ei olisi syöty,syö,älä syö,ole syönyt,älä ole syönyt,syököön,älköön syökö,olkoon syönyt,älköön olko syönyt,syökäämme,älkäämme syökö,olkaamme syöneet,älkäämme olko syöneet,syökää,älkää syökö,olkaa syöneet,älkää olko syöneet,syökööt,älkööt syökö,olkoot syöneet,älkööt olko syöneet,syötäköön,älköön syötäkö,olkoon syöty,älköön olko syöty,syönen,en syöne,lienen syönyt,en liene syönyt,syönet,et syöne,lienet syönyt,et liene syönyt,syönee,ei syöne,lienee syönyt,ei liene syönyt,syönemme,emme syöne,lienemme syöneet,emme liene syöneet,syönette,ette syöne,lienette syöneet,ette liene syöneet,syönevät,eivät syöne,lienevät syöneet,eivät liene syöneet,syötäneen,ei syötäne,lienee syöty,ei liene syöty,syödä,syövä,syötävä,syödäkseen,syönyt,syöty,syödessä,syötäessä,syömä,syöden,syömätön,syömässä,syömästä,syömään,syömällä,syömättä,syömän,syötämän,syöminen,syömistä,syömäisillään,2019-02-25 13:16:06.928721,2019-02-27 12:18:30.932279,1 days 23:02:24,True,2,0
tanssia,dance,danced,danced,dancing,tanssin,en tanssi,olen tanssinut,en ole tanssinut,tanssit,et tanssi,olet tanssinut,et ole tanssinut,tanssii,ei tanssi,on tanssinut,ei ole tanssinut,tanssimme,emme tanssi,olemme tanssineet,emme ole tanssineet,tanssitte,ette tanssi,olette tanssineet,ette ole tanssineet,tanssivat,eivät tanssi,ovat tanssineet,eivät ole tanssineet,tanssitaan,ei tanssita,on tanssittu,ei ole tanssittu,tanssin,en tanssinut,olin tanssinut,en ollut tanssinut,tanssit,et tanssinut,olit tanssinut,et ollut tanssinut,tanssi,ei tanssinut,oli tanssinut,ei ollut tanssinut,tanssimme,emme tanssineet,olimme tanssineet,emme olleet tanssineet,tanssitte,ette tanssineet,olitte tanssineet,ette olleet tanssineet,tanssivat,eivät tanssineet,olivat tanssineet,eivät olleet tanssineet,tanssittiin,ei tanssittu,oli tanssittu,ei ollut tanssittu,tanssisin,en tanssisi,olisin tanssinut,en olisi tanssinut,tanssisit,et tanssisi,olisit tanssinut,et olisi tanssinut,tanssisi,ei tanssisi,olisi tanssinut,ei olisi tanssinut,tanssisimme,emme tanssisi,olisimme tanssineet,emme olisi tanssineet,tanssisitte,ette tanssisi,olisitte tanssineet,ette olisi tanssineet,tanssisivat,eivät tanssisi,olisivat tanssineet,eivät olisi tanssineet,tanssittaisiin,ei tanssittaisi,olisi tanssittu,ei olisi tanssittu,tanssi,älä tanssi,ole tanssinut,älä ole tanssinut,tanssikoon,älköön tanssiko,olkoon tanssinut,älköön olko tanssinut,tanssikaamme,älkäämme tanssiko,olkaamme tanssineet,älkäämme olko tanssineet,tanssikaa,älkää tanssiko,olkaa tanssineet,älkää olko tanssineet,tanssikoot,älkööt tanssiko,olkoot tanssineet,älkööt olko tanssineet,tanssittakoon,älköön tanssittako,olkoon tanssittu,älköön olko tanssittu,tanssinen,en tanssine,lienen tanssinut,en liene tanssinut,tanssinet,et tanssine,lienet tanssinut,et liene tanssinut,tanssinee,ei tanssine,lienee tanssinut,ei liene tanssinut,tanssinemme,emme tanssine,lienemme tanssineet,emme liene tanssineet,tanssinette,ette tanssine,lienette tanssineet,ette liene tanssineet,tanssinevat,eivät tanssine,lienevät tanssineet,eivät liene tanssineet,tanssittaneen,ei tanssittane,lienee tanssittu,ei liene tanssittu,tanssia,tanssiva,tanssittava,tanssiakseen,tanssinut,tanssittu,tanssiessa,tanssittaessa,tanssima,tanssien,tanssimaton,tanssimassa,tanssimasta,tanssimaan,tanssimalla,tanssimatta,tanssiman,tanssittaman,tanssiminen,tanssimista,tanssimaisillaan,2019-02-26 14:31:43.726820,2019-02-28 13:34:07.728943,1 days 23:02:24,True,2,0
tarvita,need,needed,needed,needing,tarvitsen,en tarvitse,olen tarvinnut,en ole tarvinnut,tarvitset,et tarvitse,olet tarvinnut,et ole tarvinnut,tarvitsee,ei tarvitse,on tarvinnut,ei ole tarvinnut,tarvitsemme,emme tarvitse,olemme tarvinneet,emme ole tarvinneet,tarvitsette,ette tarvitse,olette tarvinneet,ette ole tarvinneet,tarvitsevat,eivät tarvitse,ovat tarvinneet,eivät ole tarvinneet,tarvitaan,ei tarvita,on tarvittu,ei ole tarvittu,tarvitsin,en tarvinnut,olin tarvinnut,en ollut tarvinnut,tarvitsit,et tarvinnut,olit tarvinnut,et ollut tarvinnut,tarvitsi,ei tarvinnut,oli tarvinnut,ei ollut tarvinnut,tarvitsimme,emme tarvinneet,olimme tarvinneet,emme olleet tarvinneet,tarvitsitte,ette tarvinneet,olitte tarvinneet,ette olleet tarvinneet,tarvitsivat,eivät tarvinneet,olivat tarvinneet,eivät olleet tarvinneet,tarvittiin,ei tarvittu,oli tarvittu,ei ollut tarvittu,tarvitsisin,en tarvitsisi,olisin tarvinnut,en olisi tarvinnut,tarvitsisit,et tarvitsisi,olisit tarvinnut,et olisi tarvinnut,tarvitsisi,ei tarvitsisi,olisi tarvinnut,ei olisi tarvinnut,tarvitsisimme,emme tarvitsisi,olisimme tarvinneet,emme olisi tarvinneet,tarvitsisitte,ette tarvitsisi,olisitte tarvinneet,ette olisi tarvinneet,tarvitsisivat,eivät tarvitsisi,olisivat tarvinneet,eivät olisi tarvinneet,tarvittaisiin,ei tarvittaisi,olisi tarvittu,ei olisi tarvittu,tarvitse,älä tarvitse,ole tarvinnut,älä ole tarvinnut,tarvitkoon,älköön tarvitko,olkoon tarvinnut,älköön olko tarvinnut,tarvitkaamme,älkäämme tarvitko,olkaamme tarvinneet,älkäämme olko tarvinneet,tarvitkaa,älkää tarvitko,olkaa tarvinneet,älkää olko tarvinneet,tarvitkoot,älkööt tarvitko,olkoot tarvinneet,älkööt olko tarvinneet,tarvittakoon,älköön tarvittako,olkoon tarvittu,älköön olko tarvittu,tarvinnen,en tarvinne,lienen tarvinnut,en liene tarvinnut,tarvinnet,et tarvinne,lienet tarvinnut,et liene tarvinnut,tarvinnee,ei tarvinne,lienee tarvinnut,ei liene tarvinnut,tarvinnemme,emme tarvinne,lienemme tarvinneet,emme liene tarvinneet,tarvinnette,ette tarvinne,lienette tarvinneet,ette liene tarvinneet,tarvinnevat,eivät tarvinne,lienevät tarvinneet,eivät liene tarvinneet,tarvittaneen,ei tarvittane,lienee tarvittu,ei liene tarvittu,tarvita,tarvitseva,tarvittava,tarvitakseen,tarvinnut,tarvittu,tarvitessa,tarvittaessa,tarvitsema,tarviten,tarvitsematon,tarvitsemassa,tarvitsemasta,tarvitsemaan,tarvitsemalla,tarvitsematta,tarvitseman,tarvittaman,tarvitseminen,tarvitsemista,tarvitsemaisillaan,2019-02-25 13:22:50.319651,2019-02-28 07:14:11.921855,2 days 17:51:21.600000,True,3,0
työskennellä,work,worked,worked,working,työskentelen,en työskentele,olen työskennellyt,en ole työskennellyt,työskentelet,et työskentele,olet työskennellyt,et ole työskennellyt,työskentelee,ei työskentele,on työskennellyt,ei ole työskennellyt,työskentelemme,emme työskentele,olemme työskennelleet,emme ole työskennelleet,työskentelette,ette työskentele,olette työskennelleet,ette ole työskennelleet,työskentelevät,eivät työskentele,ovat työskennelleet,eivät ole työskennelleet,työskennellään,ei työskennellä,on työskennelty,ei ole työskennelty,työskentelin,en työskennellyt,olin työskennellyt,en ollut työskennellyt,työskentelit,et työskennellyt,olit työskennellyt,et ollut työskennellyt,työskenteli,ei työskennellyt,oli työskennellyt,ei ollut työskennellyt,työskentelimme,emme työskennelleet,olimme työskennelleet,emme olleet työskennelleet,työskentelitte,ette työskennelleet,olitte työskennelleet,ette olleet työskennelleet,työskentelivät,eivät työskennelleet,olivat työskennelleet,eivät olleet työskennelleet,työskenneltiin,ei työskennelty,oli työskennelty,ei ollut työskennelty,työskentelisin,en työskentelisi,olisin työskennellyt,en olisi työskennellyt,työskentelisit,et työskentelisi,olisit työskennellyt,et olisi työskennellyt,työskentelisi,ei työskentelisi,olisi työskennellyt,ei olisi työskennellyt,työskentelisimme,emme työskentelisi,olisimme työskennelleet,emme olisi työskennelleet,työskentelisitte,ette työskentelisi,olisitte työskennelleet,ette olisi työskennelleet,työskentelisivät,eivät työskentelisi,olisivat työskennelleet,eivät olisi työskennelleet,työskenneltäisiin,ei työskenneltäisi,olisi työskennelty,ei olisi työskennelty,työskentele,älä työskentele,ole työskennellyt,älä ole työskennellyt,työskennelköön,älköön työskennelkö,olkoon työskennellyt,älköön olko työskennellyt,työskennelkäämme,älkäämme työskennelkö,olkaamme työskennelleet,älkäämme olko työskennelleet,työskennelkää,älkää työskennelkö,olkaa työskennelleet,älkää olko työskennelleet,työskennelkööt,älkööt työskennelkö,olkoot työskennelleet,älkööt olko työskennelleet,työskenneltäköön,älköön työskenneltäkö,olkoon työskennelty,älköön olko työskennelty,työskennellen,en työskennelle,lienen työskennellyt,en liene työskennellyt,työskennellet,et työskennelle,lienet työskennellyt,et liene työskennellyt,työskennellee,ei työskennelle,lienee työskennellyt,ei liene työskennellyt,työskennellemme,emme työskennelle,lienemme työskennelleet,emme liene työskennelleet,työskennellette,ette työskennelle,lienette työskennelleet,ette liene työskennelleet,työskennellevät,eivät työskennelle,lienevät työskennelleet,eivät liene työskennelleet,työskenneltäneen,ei työskenneltäne,lienee työskennelty,ei liene työskennelty,työskennellä,työskentelevä,työskenneltävä,työskennelläkseen,työskennellyt,työskennelty,työskennellessä,työskenneltäessä,työskentelemä,työskennellen,työskentelemätön,työskentelemässä,työskentelemästä,työskentelemään,työskentelemällä,työskentelemättä,työskentelemän,työskenneltämän,työskenteleminen,työskentelemistä,työskentelemäisillään,2019-02-25 16:19:11.057602,2019-02-27 01:55:11.060925,1 days 09:36:00,True,1,0
väsyttää,tire,tired,tired,tiring,väsytän,en väsytä,olen väsyttänyt,en ole väsyttänyt,väsytät,et väsytä,olet väsyttänyt,et ole väsyttänyt,väsyttää,ei väsytä,on väsyttänyt,ei ole väsyttänyt,väsytämme,emme väsytä,olemme väsyttäneet,emme ole väsyttäneet,väsytätte,ette väsytä,olette väsyttäneet,ette ole väsyttäneet,väsyttävät,eivät väsytä,ovat väsyttäneet,eivät ole väsyttäneet,väsytetään,ei väsytetä,on väsytetty,ei ole väsytetty,väsytin,en väsyttänyt,olin väsyttänyt,en ollut väsyttänyt,väsytit,et väsyttänyt,olit väsyttänyt,et ollut väsyttänyt,väsytti,ei väsyttänyt,oli väsyttänyt,ei ollut väsyttänyt,väsytimme,emme väsyttäneet,olimme väsyttäneet,emme olleet väsyttäneet,väsytitte,ette väsyttäneet,olitte väsyttäneet,ette olleet väsyttäneet,väsyttivät,eivät väsyttäneet,olivat väsyttäneet,eivät olleet väsyttäneet,väsytettiin,ei väsytetty,oli väsytetty,ei ollut väsytetty,väsyttäisin,en väsyttäisi,olisin väsyttänyt,en olisi väsyttänyt,väsyttäisit,et väsyttäisi,olisit väsyttänyt,et olisi väsyttänyt,väsyttäisi,ei väsyttäisi,olisi väsyttänyt,ei olisi väsyttänyt,väsyttäisimme,emme väsyttäisi,olisimme väsyttäneet,emme olisi väsyttäneet,väsyttäisitte,ette väsyttäisi,olisitte väsyttäneet,ette olisi väsyttäneet,väsyttäisivät,eivät väsyttäisi,olisivat väsyttäneet,eivät olisi väsyttäneet,väsytettäisiin,ei väsytettäisi,olisi väsytetty,ei olisi väsytetty,väsytä,älä väsytä,ole väsyttänyt,älä ole väsyttänyt,väsyttäköön,älköön väsyttäkö,olkoon väsyttänyt,älköön olko väsyttänyt,väsyttäkäämme,älkäämme väsyttäkö,olkaamme väsyttäneet,älkäämme olko väsyttäneet,väsyttäkää,älkää väsyttäkö,olkaa väsyttäneet,älkää olko väsyttäneet,väsyttäkööt,älkööt väsyttäkö,olkoot väsyttäneet,älkööt olko väsyttäneet,väsytettäköön,älköön väsytettäkö,olkoon väsytetty,älköön olko väsytetty,väsyttänen,en väsyttäne,lienen väsyttänyt,en liene väsyttänyt,väsyttänet,et väsyttäne,lienet väsyttänyt,et liene väsyttänyt,väsyttänee,ei väsyttäne,lienee väsyttänyt,ei liene väsyttänyt,väsyttänemme,emme väsyttäne,lienemme väsyttäneet,emme liene väsyttäneet,väsyttänette,ette väsyttäne,lienette väsyttäneet,ette liene väsyttäneet,väsyttänevät,eivät väsyttäne,lienevät väsyttäneet,eivät liene väsyttäneet,väsytettäneen,ei väsytettäne,lienee väsytetty,ei liene väsytetty,väsyttää,väsyttävä,väsytettävä,väsyttääkseen,väsyttänyt,väsytetty,väsyttäessä,väsytettäessä,väsyttämä,väsyttäen,väsyttämätön,väsyttämässä,väsyttämästä,väsyttämään,väsyttämällä,väsyttämättä,väsyttämän,väsytettämän,väsyttäminen,väsyttämistä,väsyttämäisillään,2019-02-26 14:33:25.993608,2019-02-28 13:35:49.996255,1 days 23:02:24,True,2,0
väsyä,become tired,became tired,become tired,becoming tired,väsyn,en väsy,olen väsynyt,en ole väsynyt,väsyt,et väsy,olet väsynyt,et ole väsynyt,väsyy,ei väsy,on väsynyt,ei ole väsynyt,väsymme,emme väsy,olemme väsyneet,emme ole väsyneet,väsytte,ette väsy,olette väsyneet,ette ole väsyneet,väsyvät,eivät väsy,ovat väsyneet,eivät ole väsyneet,väsytään,ei väsytä,on väsytty,ei ole väsytty,väsyin,en väsynyt,olin väsynyt,en ollut väsynyt,väsyit,et väsynyt,olit väsynyt,et ollut väsynyt,väsyi,ei väsynyt,oli väsynyt,ei ollut väsynyt,väsyimme,emme väsyneet,olimme väsyneet,emme olleet väsyneet,väsyitte,ette väsyneet,olitte väsyneet,ette olleet väsyneet,väsyivät,eivät väsyneet,olivat väsyneet,eivät olleet väsyneet,väsyttiin,ei väsytty,oli väsytty,ei ollut väsytty,väsyisin,en väsyisi,olisin väsynyt,en olisi väsynyt,väsyisit,et väsyisi,olisit väsynyt,et olisi väsynyt,väsyisi,ei väsyisi,olisi väsynyt,ei olisi väsynyt,väsyisimme,emme väsyisi,olisimme väsyneet,emme olisi väsyneet,väsyisitte,ette väsyisi,olisitte väsyneet,ette olisi väsyneet,väsyisivät,eivät väsyisi,olisivat väsyneet,eivät olisi väsyneet,väsyttäisiin,ei väsyttäisi,olisi väsytty,ei olisi väsytty,väsy,älä väsy,ole väsynyt,älä ole väsynyt,väsyköön,älköön väsykö,olkoon väsynyt,älköön olko väsynyt,väsykäämme,älkäämme väsykö,olkaamme väsyneet,älkäämme olko väsyneet,väsykää,älkää väsykö,olkaa väsyneet,älkää olko väsyneet,väsykööt,älkööt väsykö,olkoot väsyneet,älkööt olko väsyneet,väsyttäköön,älköön väsyttäkö,olkoon väsytty,älköön olko väsytty,väsynen,en väsyne,lienen väsynyt,en liene väsynyt,väsynet,et väsyne,lienet väsynyt,et liene väsynyt,väsynee,ei väsyne,lienee väsynyt,ei liene väsynyt,väsynemme,emme väsyne,lienemme väsyneet,emme liene väsyneet,väsynette,ette väsyne,lienette väsyneet,ette liene väsyneet,väsynevät,eivät väsyne,lienevät väsyneet,eivät liene väsyneet,väsyttäneen,ei väsyttäne,lienee väsytty,ei liene väsytty,väsyä,väsyvä,väsyttävä,väsyäkseen,väsynyt,väsytty,väsyessä,väsyttäessä,väsymä,väsyen,väsymätön,väsymässä,väsymästä,väsymään,väsymällä,väsymättä,väsymän,väsyttämän,väsyminen,väsymistä,väsymäisillään,2019-02-26 14:34:18.347289,2019-02-26 01:30:43.906040,1 days 00:00:00,False,1,1
ymmärtää,understand,understood,understood,understanding,ymmärrän,en ymmärrä,olen ymmärtänyt,en ole ymmärtänyt,ymmärrät,et ymmärrä,olet ymmärtänyt,et ole ymmärtänyt,ymmärtää,ei ymmärrä,on ymmärtänyt,ei ole ymmärtänyt,ymmärrämme,emme ymmärrä,olemme ymmärtäneet,emme ole ymmärtäneet,ymmärrätte,ette ymmärrä,olette ymmärtäneet,ette ole ymmärtäneet,ymmärtävät,eivät ymmärrä,ovat ymmärtäneet,eivät ole ymmärtäneet,ymmärretään,ei ymmärretä,on ymmärretty,ei ole ymmärretty,ymmärsin,en ymmärtänyt,olin ymmärtänyt,en ollut ymmärtänyt,ymmärsit,et ymmärtänyt,olit ymmärtänyt,et ollut ymmärtänyt,ymmärsi,ei ymmärtänyt,oli ymmärtänyt,ei ollut ymmärtänyt,ymmärsimme,emme ymmärtäneet,olimme ymmärtäneet,emme olleet ymmärtäneet,ymmärsitte,ette ymmärtäneet,olitte ymmärtäneet,ette olleet ymmärtäneet,ymmärsivät,eivät ymmärtäneet,olivat ymmärtäneet,eivät olleet ymmärtäneet,ymmärrettiin,ei ymmärretty,oli ymmärretty,ei ollut ymmärretty,ymmärtäisin,en ymmärtäisi,olisin ymmärtänyt,en olisi ymmärtänyt,ymmärtäisit,et ymmärtäisi,olisit ymmärtänyt,et olisi ymmärtänyt,ymmärtäisi,ei ymmärtäisi,olisi ymmärtänyt,ei olisi ymmärtänyt,ymmärtäisimme,emme ymmärtäisi,olisimme ymmärtäneet,emme olisi ymmärtäneet,ymmärtäisitte,ette ymmärtäisi,olisitte ymmärtäneet,ette olisi ymmärtäneet,ymmärtäisivät,eivät ymmärtäisi,olisivat ymmärtäneet,eivät olisi ymmärtäneet,ymmärrettäisiin,ei ymmärrettäisi,olisi ymmärretty,ei olisi ymmärretty,ymmärrä,älä ymmärrä,ole ymmärtänyt,älä ole ymmärtänyt,ymmärtäköön,älköön ymmärtäkö,olkoon ymmärtänyt,älköön olko ymmärtänyt,ymmärtäkäämme,älkäämme ymmärtäkö,olkaamme ymmärtäneet,älkäämme olko ymmärtäneet,ymmärtäkää,älkää ymmärtäkö,olkaa ymmärtäneet,älkää olko ymmärtäneet,ymmärtäkööt,älkööt ymmärtäkö,olkoot ymmärtäneet,älkööt olko ymmärtäneet,ymmärrettäköön,älköön ymmärrettäkö,olkoon ymmärretty,älköön olko ymmärretty,ymmärtänen,en ymmärtäne,lienen ymmärtänyt,en liene ymmärtänyt,ymmärtänet,et ymmärtäne,lienet ymmärtänyt,et liene ymmärtänyt,ymmärtänee,ei ymmärtäne,lienee ymmärtänyt,ei liene ymmärtänyt,ymmärtänemme,emme ymmärtäne,lienemme ymmärtäneet,emme liene ymmärtäneet,ymmärtänette,ette ymmärtäne,lienette ymmärtäneet,ette liene ymmärtäneet,ymmärtänevät,eivät ymmärtäne,lienevät ymmärtäneet,eivät liene ymmärtäneet,ymmärrettäneen,ei ymmärrettäne,lienee ymmärretty,ei liene ymmärretty,ymmärtää,ymmärtävä,ymmärrettävä,ymmärtääkseen,ymmärtänyt,ymmärretty,ymmärtäessä,ymmärrettäessä,ymmärtämä,ymmärtäen,ymmärtämätön,ymmärtämässä,ymmärtämästä,ymmärtämään,ymmärtämällä,ymmärtämättä,ymmärtämän,ymmärrettämän,ymmärtäminen,ymmärtämistä,ymmärtämäisillään,2019-02-26 14:30:42.610226,2019-03-01 08:22:04.213059,2 days 17:51:21.600000,True,3,0
nimetä,am/are/is called,was/were called,been called,am/are/is being called,nimeän,en nimeä,olen nimennyt,en ole nimennyt,nimeät,et nimeä,olet nimennyt,et ole nimennyt,nimeää,ei nimeä,on nimennyt,ei ole nimennyt,nimeämme,emme nimeä,olemme nimenneet,emme ole nimenneet,nimeätte,ette nimeä,olette nimenneet,ette ole nimenneet,nimeävät,eivät nimeä,ovat nimenneet,eivät ole nimenneet,nimetään,ei nimetä,on nimetty,ei ole nimetty,nimesin,en nimennyt,olin nimennyt,en ollut nimennyt,nimesit,et nimennyt,olit nimennyt,et ollut nimennyt,nimesi,ei nimennyt,oli nimennyt,ei ollut nimennyt,nimesimme,emme nimenneet,olimme nimenneet,emme olleet nimenneet,nimesitte,ette nimenneet,olitte nimenneet,ette olleet nimenneet,nimesivät,eivät nimenneet,olivat nimenneet,eivät olleet nimenneet,nimettiin,ei nimetty,oli nimetty,ei ollut nimetty,nimeäisin,en nimeäisi,olisin nimennyt,en olisi nimennyt,nimeäisit,et nimeäisi,olisit nimennyt,et olisi nimennyt,nimeäisi,ei nimeäisi,olisi nimennyt,ei olisi nimennyt,nimeäisimme,emme nimeäisi,olisimme nimenneet,emme olisi nimenneet,nimeäisitte,ette nimeäisi,olisitte nimenneet,ette olisi nimenneet,nimeäisivät,eivät nimeäisi,olisivat nimenneet,eivät olisi nimenneet,nimettäisiin,ei nimettäisi,olisi nimetty,ei olisi nimetty,nimeä,älä nimeä,ole nimennyt,älä ole nimennyt,nimetköön,älköön nimetkö,olkoon nimennyt,älköön olko nimennyt,nimetkäämme,älkäämme nimetkö,olkaamme nimenneet,älkäämme olko nimenneet,nimetkää,älkää nimetkö,olkaa nimenneet,älkää olko nimenneet,nimetkööt,älkööt nimetkö,olkoot nimenneet,älkööt olko nimenneet,nimettäköön,älköön nimettäkö,olkoon nimetty,älköön olko nimetty,nimennen,en nimenne,lienen nimennyt,en liene nimennyt,nimennet,et nimenne,lienet nimennyt,et liene nimennyt,nimennee,ei nimenne,lienee nimennyt,ei liene nimennyt,nimennemme,emme nimenne,lienemme nimenneet,emme liene nimenneet,nimennette,ette nimenne,lienette nimenneet,ette liene nimenneet,nimennevät,eivät nimenne,lienevät nimenneet,eivät liene nimenneet,nimettäneen,ei nimettäne,lienee nimetty,ei liene nimetty,nimetä,nimeävä,nimettävä,nimetäkseen,nimennyt,nimetty,nimetessä,nimettäessä,nimeämä,nimeten,nimeämätön,nimeämässä,nimeämästä,nimeämään,nimeämällä,nimeämättä,nimeämän,nimettämän,nimeäminen,nimeämistä,nimeämäisillään,2019-02-26 21:40:50.292822,2019-02-26 21:40:50.293040,1 days 00:00:00,True,0,0
